Date,Price
2018-01-15,2.5968
2018-01-12,2.5965
2018-01-11,2.5831
2018-01-10,2.5795
2018-01-09,2.5805
2018-01-08,2.5778
2018-01-05,2.5739
2018-01-04,2.5663
2018-01-03,2.5559
2018-01-02,2.5476
2017-12-29,2.5311
2017-12-28,2.528
2017-12-27,2.5176
2017-12-22,2.5172
2017-12-21,2.5116
2017-12-20,2.5089
2017-12-19,2.5107
2017-12-18,2.5087
2017-12-15,2.4986
2017-12-14,2.5002
2017-12-13,2.502
2017-12-12,2.4966
2017-12-11,2.5038
2017-12-08,2.4911
2017-12-07,2.4772
2017-12-06,2.4723
2017-12-05,2.4911
2017-12-04,2.4993
2017-12-01,2.4955
2017-11-30,2.4996
2017-11-29,2.5105
2017-11-28,2.5106
2017-11-27,2.5021
2017-11-24,2.5139
2017-11-23,2.5072
2017-11-22,2.5145
2017-11-21,2.5103
2017-11-20,2.4938
2017-11-17,2.4931
2017-11-16,2.487
2017-11-15,2.4747
2017-11-14,2.4843
2017-11-13,2.4887
2017-11-10,2.4895
2017-11-09,2.4908
2017-11-08,2.4923
2017-11-07,2.4898
2017-11-06,2.4824
2017-11-03,2.4769
2017-11-02,2.475
2017-11-01,2.4721
2017-10-31,2.4628
2017-10-30,2.4583
2017-10-27,2.459
2017-10-26,2.4541
2017-10-25,2.4548
2017-10-24,2.455
2017-10-23,2.4606
2017-10-20,2.4616
2017-10-19,2.4568
2017-10-18,2.4667
2017-10-17,2.4669
2017-10-16,2.4679
2017-10-13,2.4625
2017-10-12,2.4567
2017-10-11,2.452
2017-10-10,2.4513
2017-10-09,2.4429
2017-10-06,2.4461
2017-10-04,2.4462
2017-10-03,2.4417
2017-09-29,2.4276
2017-09-28,2.4198
2017-09-27,2.4223
2017-09-26,2.4187
2017-09-25,2.4261
2017-09-22,2.4385
2017-09-21,2.4401
2017-09-20,2.4473
2017-09-19,2.4439
2017-09-18,2.4477
2017-09-15,2.4373
2017-09-14,2.4346
2017-09-13,2.4361
2017-09-12,2.437
2017-09-11,2.4337
2017-09-08,2.4237
2017-09-07,2.4207
2017-09-06,2.4165
2017-09-05,2.4168
2017-09-04,2.4174
2017-09-01,2.4207
2017-08-31,2.4167
2017-08-30,2.4094
2017-08-29,2.4029
2017-08-28,2.4045
2017-08-25,2.4041
2017-08-24,2.3986
2017-08-22,2.393
2017-08-21,2.3827
2017-08-18,2.3796
2017-08-17,2.3854
2017-08-16,2.3886
2017-08-15,2.3819
2017-08-14,2.3841
2017-08-11,2.3696
2017-08-10,2.382
2017-08-09,2.3962
2017-08-08,2.4022
2017-08-07,2.4017
2017-08-04,2.3969
2017-08-03,2.3981
2017-08-02,2.4013
2017-08-01,2.3972
2017-07-31,2.3905
2017-07-28,2.3847
2017-07-27,2.3915
2017-07-26,2.386
2017-07-25,2.3875
2017-07-24,2.3881
2017-07-21,2.3876
2017-07-20,2.3918
2017-07-19,2.3876
2017-07-18,2.3776
2017-07-17,2.3725
2017-07-14,2.3679
2017-07-13,2.3613
2017-07-12,2.3508
2017-07-11,2.3396
2017-07-10,2.3329
2017-07-07,2.3275
2017-07-06,2.3288
2017-07-05,2.3331
2017-07-04,2.3296
2017-07-03,2.3373
2017-06-30,2.3366
2017-06-29,2.3425
2017-06-28,2.3442
2017-06-27,2.3453
2017-06-26,2.3492
2017-06-23,2.3437
2017-06-22,2.34
2017-06-21,2.3356
2017-06-20,2.3404
2017-06-19,2.3475
2017-06-16,2.3367
2017-06-15,2.3348
2017-06-14,2.3485
2017-06-13,2.3434
2017-06-12,2.3383
2017-06-09,2.3472
2017-06-08,2.3483
2017-06-07,2.3473
2017-06-06,2.3465
2017-06-05,2.3461
2017-06-02,2.345
2017-06-01,2.3352
2017-05-31,2.3275
2017-05-29,2.3276
2017-05-26,2.3265
2017-05-25,2.3278
2017-05-24,2.3186
2017-05-23,2.3176
2017-05-22,2.3166
2017-05-19,2.3069
2017-05-18,2.2982
2017-05-17,2.3063
2017-05-16,2.3136
2017-05-15,2.3088
2017-05-12,2.3033
2017-05-11,2.301
2017-05-10,2.2991
2017-05-09,2.2953
2017-05-08,2.2926
2017-05-05,2.289
2017-05-04,2.2897
2017-05-02,2.2897
2017-04-28,2.2835
2017-04-27,2.2848
2017-04-26,2.2847
2017-04-25,2.2826
2017-04-24,2.2708
2017-04-21,2.2569
2017-04-20,2.2564
2017-04-19,2.2469
2017-04-18,2.2473
2017-04-13,2.2533
2017-04-12,2.255
2017-04-11,2.2504
2017-04-10,2.2518
2017-04-07,2.2542
2017-04-06,2.2538
2017-04-05,2.2571
2017-04-03,2.2554
2017-03-31,2.2523
2017-03-30,2.2587
2017-03-29,2.2594
2017-03-28,2.2591
2017-03-27,2.2531
2017-03-24,2.2544
2017-03-23,2.2527
2017-03-22,2.2494
2017-03-21,2.2539
2017-03-20,2.2533
2017-03-17,2.248
2017-03-16,2.2448
2017-03-15,2.2313
2017-03-14,2.2247
2017-03-13,2.2227
2017-03-10,2.2113
2017-03-09,2.2083
2017-03-08,2.2171
2017-03-07,2.2176
2017-03-06,2.2156
2017-03-03,2.2107
2017-03-02,2.2161
2017-03-01,2.2162
2017-02-28,2.2132
2017-02-27,2.2191
2017-02-24,2.2204
2017-02-23,2.2211
2017-02-22,2.2187
2017-02-21,2.2097
2017-02-20,2.211
2017-02-17,2.2136
2017-02-16,2.2072
2017-02-15,2.2022
2017-02-14,2.1979
2017-02-13,2.1989
2017-02-10,2.1929
2017-02-09,2.1924
2017-02-08,2.1872
2017-02-07,2.1809
2017-02-06,2.18
2017-02-03,2.1748
2017-02-02,2.1725
2017-02-01,2.1737
2017-01-27,2.1731
2017-01-26,2.1742
2017-01-25,2.1704
2017-01-24,2.1632
2017-01-23,2.1583
2017-01-20,2.1532
2017-01-19,2.1545
2017-01-18,2.1623
2017-01-17,2.155
2017-01-16,2.1506
2017-01-13,2.1557
2017-01-12,2.1533
2017-01-11,2.1493
2017-01-10,2.1447
2017-01-09,2.1366
2017-01-06,2.1384
2017-01-05,2.1382
2017-01-04,2.1193
2017-01-03,2.1168
2016-12-30,2.1132
2016-12-29,2.1072
2016-12-28,2.1024
2016-12-23,2.0956
2016-12-22,2.0977
2016-12-21,2.104
2016-12-20,2.1038
2016-12-19,2.1082
2016-12-16,2.1114
2016-12-15,2.1122
2016-12-14,2.1311
2016-12-13,2.133
2016-12-12,2.1245
2016-12-09,2.138
2016-12-08,2.1426
2016-12-07,2.1344
2016-12-06,2.1305
2016-12-05,2.1214
2016-12-02,2.1219
2016-12-01,2.1289
2016-11-30,2.1337
2016-11-29,2.1323
2016-11-28,2.1338
2016-11-25,2.1276
2016-11-24,2.1196
2016-11-23,2.1264
2016-11-22,2.1283
2016-11-21,2.1204
2016-11-18,2.1202
2016-11-17,2.1224
2016-11-16,2.1234
2016-11-15,2.1244
2016-11-14,2.1221
2016-11-11,2.1397
2016-11-10,2.1633
2016-11-09,2.1637
2016-11-08,2.1836
2016-11-07,2.1784
2016-11-04,2.17
2016-11-03,2.1753
2016-11-02,2.1792
2016-11-01,2.1886
2016-10-31,2.1851
2016-10-28,2.1849
2016-10-27,2.1912
2016-10-26,2.2005
2016-10-25,2.2092
2016-10-24,2.216
2016-10-20,2.2157
2016-10-19,2.2154
2016-10-18,2.214
2016-10-17,2.1979
2016-10-14,2.2058
2016-10-13,2.2003
2016-10-12,2.2147
2016-10-11,2.2213
2016-10-07,2.2318
2016-10-06,2.2413
2016-10-05,2.2426
2016-10-04,2.2452
2016-10-03,2.2433
2016-09-30,2.2324
2016-09-29,2.2422
2016-09-28,2.2422
2016-09-27,2.2412
2016-09-26,2.2299
2016-09-23,2.2419
2016-09-22,2.2443
2016-09-21,2.23
2016-09-20,2.2268
2016-09-19,2.2248
2016-09-15,2.2148
2016-09-14,2.2071
2016-09-13,2.2138
2016-09-12,2.2181
2016-09-09,2.2394
2016-09-08,2.2543
2016-09-07,2.2551
2016-09-06,2.2476
2016-09-05,2.2402
2016-09-02,2.2317
2016-09-01,2.2205
2016-08-31,2.224
2016-08-30,2.2307
2016-08-29,2.2275
2016-08-26,2.2349
2016-08-25,2.2346
2016-08-24,2.2347
2016-08-23,2.239
2016-08-22,2.2312
2016-08-19,2.2337
2016-08-18,2.2386
2016-08-17,2.23
2016-08-16,2.2314
2016-08-15,2.2333
2016-08-12,2.2281
2016-08-11,2.2255
2016-08-10,2.2182
2016-08-09,2.2115
2016-08-08,2.2077
2016-08-05,2.2043
2016-08-04,2.1958
2016-08-03,2.1944
2016-08-01,2.2061
2016-07-29,2.1952
2016-07-28,2.1968
2016-07-27,2.1911
2016-07-26,2.1898
2016-07-25,2.1853
2016-07-22,2.1912
2016-07-21,2.1899
2016-07-20,2.1898
2016-07-19,2.1876
2016-07-18,2.1906
2016-07-15,2.1927
2016-07-14,2.1923
2016-07-13,2.1897
2016-07-12,2.1898
2016-07-11,2.1835
2016-07-08,2.175
2016-07-07,2.1734
2016-07-06,2.1687
2016-07-05,2.1802
2016-07-04,2.1841
2016-06-30,2.1758
2016-06-29,2.1564
2016-06-28,2.14
2016-06-27,2.1304
2016-06-24,2.1333
2016-06-23,2.1586
2016-06-22,2.1528
2016-06-21,2.151
2016-06-20,2.1458
2016-06-17,2.131
2016-06-16,2.13
2016-06-15,2.1324
2016-06-14,2.1282
2016-06-13,2.1374
2016-06-10,2.1548
2016-06-08,2.1697
2016-06-07,2.1663
2016-06-06,2.1545
2016-06-03,2.1439
2016-06-02,2.1377
2016-06-01,2.1326
2016-05-31,2.1301
2016-05-30,2.1273
2016-05-27,2.1283
2016-05-26,2.1231
2016-05-25,2.1179
2016-05-24,2.1092
2016-05-23,2.1081
2016-05-20,2.1085
2016-05-19,2.103
2016-05-18,2.1128
2016-05-17,2.1199
2016-05-16,2.118
2016-05-13,2.1165
2016-05-12,2.1205
2016-05-11,2.1214
2016-05-10,2.1226
2016-05-09,2.1209
2016-05-06,2.1176
2016-05-05,2.1227
2016-05-04,2.1258
2016-05-03,2.1361
2016-04-29,2.1343
2016-04-28,2.1387
2016-04-27,2.135
2016-04-26,2.1347
2016-04-25,2.1346
2016-04-22,2.1444
2016-04-21,2.1511
2016-04-20,2.1541
2016-04-19,2.1578
2016-04-18,2.1494
2016-04-15,2.1508
2016-04-14,2.1461
2016-04-13,2.145
2016-04-12,2.1323
2016-04-11,2.1276
2016-04-08,2.125
2016-04-07,2.1216
2016-04-06,2.1181
2016-04-05,2.1161
2016-04-01,2.1206
2016-03-31,2.1227
2016-03-30,2.1263
2016-03-29,2.1034
2016-03-24,2.0968
2016-03-23,2.1064
2016-03-22,2.111
2016-03-21,2.1091
2016-03-18,2.1086
2016-03-17,2.0986
2016-03-16,2.0777
2016-03-15,2.0791
2016-03-14,2.086
2016-03-11,2.0782
2016-03-10,2.0668
2016-03-09,2.07
2016-03-08,2.0741
2016-03-07,2.0739
2016-03-04,2.0766
2016-03-03,2.0665
2016-03-02,2.0601
2016-03-01,2.0482
2016-02-29,2.0341
2016-02-26,2.042
2016-02-25,2.0338
2016-02-24,2.0329
2016-02-23,2.0408
2016-02-22,2.0471
2016-02-19,2.0399
2016-02-18,2.0385
2016-02-17,2.028
2016-02-16,2.0264
2016-02-15,2.0247
2016-02-12,2.0078
2016-02-11,2.0104
2016-02-05,2.027
2016-02-04,2.0207
2016-02-03,2.0105
2016-02-02,2.0204
2016-02-01,2.0231
2016-01-29,2.0224
2016-01-28,1.9973
2016-01-27,1.9984
2016-01-26,1.9935
2016-01-25,1.9981
2016-01-22,1.9917
2016-01-21,1.9762
2016-01-20,1.9847
2016-01-19,2.0064
2016-01-18,1.9967
2016-01-15,2.0037
2016-01-14,2.0098
2016-01-13,2.0127
2016-01-12,2.0067
2016-01-11,2.0043
2016-01-08,2.0197
2016-01-07,2.0218
2016-01-06,2.0392
2016-01-05,2.0472
2016-01-04,2.0505
2015-12-31,2.0723
2015-12-30,2.073
2015-12-29,2.0777
2015-12-28,2.0722
2015-12-24,2.0726
2015-12-23,2.071
2015-12-22,2.0619
2015-12-21,2.0562
2015-12-18,2.0568
2015-12-17,2.0615
2015-12-16,2.0574
2015-12-15,2.0524
2015-12-14,2.0457
2015-12-11,2.0521
2015-12-10,2.0625
2015-12-09,2.0635
2015-12-08,2.0682
2015-12-07,2.08
2015-12-04,2.0758
2015-12-03,2.0691
2015-12-02,2.0856
2015-12-01,2.0824
2015-11-30,2.0729
2015-11-27,2.0792
2015-11-26,2.0864
2015-11-25,2.0889
2015-11-24,2.0862
2015-11-23,2.088
2015-11-20,2.0913
2015-11-19,2.0859
2015-11-18,2.0745
2015-11-17,2.0717
2015-11-16,2.0652
2015-11-13,2.0689
2015-11-12,2.077
2015-11-11,2.0739
2015-11-10,2.0665
2015-11-09,2.0745
2015-11-06,2.0889
2015-11-05,2.0958
2015-11-04,2.1024
2015-11-03,2.0981
2015-11-02,2.0954
2015-10-30,2.0984
2015-10-29,2.0988
2015-10-28,2.111
2015-10-27,2.1104
2015-10-26,2.1117
2015-10-23,2.1155
2015-10-22,2.1068
2015-10-20,2.1008
2015-10-19,2.1037
2015-10-16,2.1025
2015-10-15,2.1011
2015-10-14,2.0828
2015-10-13,2.0861
2015-10-12,2.0896
2015-10-09,2.085
2015-10-08,2.078
2015-10-07,2.077
2015-10-06,2.0618
2015-10-05,2.0627
2015-10-02,2.0438
2015-09-30,2.0319
2015-09-29,2.0153
2015-09-25,2.0275
2015-09-24,2.0262
2015-09-23,2.0309
2015-09-22,2.0436
2015-09-21,2.0511
2015-09-18,2.0575
2015-09-17,2.0518
2015-09-16,2.0457
2015-09-15,2.0391
2015-09-14,2.0431
2015-09-11,2.0405
2015-09-10,2.0396
2015-09-09,2.0487
2015-09-08,2.0321
2015-09-07,2.0187
2015-09-04,2.0243
2015-09-02,2.027
2015-09-01,2.028
2015-08-31,2.044
2015-08-28,2.0524
2015-08-27,2.0502
2015-08-26,2.0304
2015-08-25,2.0314
2015-08-24,2.0252
2015-08-21,2.0603
2015-08-20,2.0746
2015-08-19,2.0908
2015-08-18,2.1008
2015-08-17,2.1064
2015-08-14,2.1131
2015-08-13,2.1119
2015-08-12,2.1097
2015-08-11,2.1314
2015-08-10,2.132
2015-08-07,2.1274
2015-08-06,2.1269
2015-08-05,2.1305
2015-08-04,2.133
2015-08-03,2.1301
2015-07-31,2.1304
2015-07-30,2.1265
2015-07-29,2.1275
2015-07-28,2.1247
2015-07-27,2.1231
2015-07-24,2.1379
2015-07-23,2.1444
2015-07-22,2.1413
2015-07-21,2.142
2015-07-20,2.1419
2015-07-17,2.1435
2015-07-16,2.1366
2015-07-15,2.1338
2015-07-14,2.1294
2015-07-13,2.1289
2015-07-10,2.1211
2015-07-09,2.1094
2015-07-08,2.0914
2015-07-07,2.1149
2015-07-06,2.1205
2015-07-03,2.132
2015-07-02,2.1338
2015-06-30,2.1267
2015-06-29,2.1166
2015-06-26,2.1372
2015-06-25,2.1452
2015-06-24,2.1515
2015-06-23,2.1528
2015-06-22,2.1506
2015-06-19,2.1386
2015-06-18,2.1409
2015-06-17,2.1308
2015-06-16,2.1272
2015-06-15,2.1271
2015-06-12,2.1363
2015-06-11,2.1351
2015-06-10,2.1325
2015-06-09,2.124
2015-06-08,2.1291
2015-06-05,2.1413
2015-06-04,2.1499
2015-06-03,2.1557
2015-06-02,2.1451
2015-06-01,2.156
2015-05-29,2.1564
2015-05-28,2.1599
2015-05-27,2.1668
2015-05-26,2.1641
2015-05-22,2.1785
2015-05-21,2.1738
2015-05-20,2.1735
2015-05-19,2.1799
2015-05-18,2.1818
2015-05-15,2.1818
2015-05-14,2.1711
2015-05-13,2.1619
2015-05-12,2.162
2015-05-11,2.1702
2015-05-08,2.173
2015-05-07,2.1637
2015-05-06,2.1706
2015-05-05,2.1716
2015-05-04,2.182
2015-04-30,2.1867
2015-04-29,2.1909
2015-04-28,2.1981
2015-04-27,2.1988
2015-04-24,2.1961
2015-04-23,2.1851
2015-04-22,2.1892
2015-04-21,2.1871
2015-04-20,2.1818
2015-04-17,2.1901
2015-04-16,2.1905
2015-04-15,2.1825
2015-04-14,2.1816
2015-04-13,2.1862
2015-04-10,2.1801
2015-04-09,2.1783
2015-04-08,2.1734
2015-04-02,2.1548
2015-04-01,2.1432
2015-03-31,2.1374
2015-03-30,2.1417
2015-03-27,2.1324
2015-03-26,2.1356
2015-03-25,2.1377
2015-03-24,2.1387
2015-03-23,2.1325
2015-03-20,2.1273
2015-03-19,2.1293
2015-03-18,2.1166
2015-03-17,2.111
2015-03-16,2.1049
2015-03-13,2.1036
2015-03-12,2.1079
2015-03-11,2.1024
2015-03-10,2.105
2015-03-09,2.1132
2015-03-06,2.1234
2015-03-05,2.1248
2015-03-04,2.1266
2015-03-03,2.1316
2015-03-02,2.1319
2015-02-27,2.1316
2015-02-26,2.1379
2015-02-25,2.1344
2015-02-24,2.1268
2015-02-23,2.123
2015-02-18,2.1182
2015-02-17,2.1197
2015-02-16,2.1201
2015-02-13,2.1217
2015-02-12,2.1111
2015-02-11,2.1091
2015-02-10,2.1127
2015-02-09,2.1121
2015-02-06,2.1234
2015-02-05,2.1217
2015-02-04,2.1247
2015-02-03,2.1187
2015-02-02,2.1185
2015-01-30,2.1177
2015-01-29,2.121
2015-01-28,2.12
2015-01-27,2.1178
2015-01-26,2.1177
2015-01-23,2.1178
2015-01-22,2.1105
2015-01-21,2.1051
2015-01-20,2.098
2015-01-19,2.0948
2015-01-16,2.0981
2015-01-15,2.0957
2015-01-14,2.091
2015-01-13,2.0951
2015-01-12,2.0892
2015-01-09,2.0784
2015-01-08,2.075
2015-01-07,2.0627
2015-01-06,2.0611
2015-01-05,2.0668
2015-01-02,2.0792
2014-12-31,2.0793
2014-12-30,2.0785
2014-12-29,2.0834
2014-12-24,2.076
2014-12-23,2.076
2014-12-22,2.0793
2014-12-19,2.0718
2014-12-18,2.0635
2014-12-17,2.0583
2014-12-16,2.0604
2014-12-15,2.0666
2014-12-12,2.0731
2014-12-11,2.0818
2014-12-10,2.083
2014-12-09,2.0838
2014-12-08,2.0899
2014-12-05,2.1004
2014-12-04,2.0944
2014-12-03,2.0939
2014-12-02,2.0989
2014-12-01,2.0944
2014-11-28,2.1076
2014-11-27,2.1107
2014-11-26,2.107
2014-11-25,2.0997
2014-11-24,2.0973
2014-11-21,2.0935
2014-11-20,2.0847
2014-11-19,2.0855
2014-11-18,2.0857
2014-11-17,2.0889
2014-11-14,2.0902
2014-11-13,2.0878
2014-11-12,2.0838
2014-11-11,2.0785
2014-11-10,2.0818
2014-11-07,2.0699
2014-11-06,2.0789
2014-11-05,2.0766
2014-11-04,2.0788
2014-11-03,2.0809
2014-10-31,2.0877
2014-10-30,2.0772
2014-10-29,2.0851
2014-10-28,2.0792
2014-10-27,2.0713
2014-10-24,2.0717
2014-10-23,2.0747
2014-10-22,2.0766
2014-10-21,2.0731
2014-10-20,2.0634
2014-10-17,2.0591
2014-10-16,2.0534
2014-10-15,2.0588
2014-10-14,2.0641
2014-10-13,2.0641
2014-10-10,2.0677
2014-10-09,2.0824
2014-10-08,2.0736
2014-10-07,2.0737
2014-10-06,2.069
2014-10-03,2.0666
2014-09-30,2.0708
2014-09-29,2.0709
2014-09-26,2.0825
2014-09-25,2.0814
2014-09-24,2.0899
2014-09-23,2.086
2014-09-22,2.0912
2014-09-19,2.0983
2014-09-18,2.0972
2014-09-17,2.1022
2014-09-16,2.0988
2014-09-15,2.1009
2014-09-12,2.1075
2014-09-11,2.113
2014-09-10,2.116
2014-09-08,2.1318
2014-09-05,2.1302
2014-09-04,2.1386
2014-09-03,2.1388
2014-09-02,2.1306
2014-09-01,2.1336
2014-08-29,2.1333
2014-08-28,2.1332
2014-08-27,2.1355
2014-08-26,2.1319
2014-08-25,2.1311
2014-08-22,2.1324
2014-08-21,2.1308
2014-08-20,2.1341
2014-08-19,2.1362
2014-08-18,2.1294
2014-08-15,2.1266
2014-08-14,2.1231
2014-08-13,2.12
2014-08-12,2.1141
2014-08-11,2.1144
2014-08-08,2.1051
2014-08-07,2.1074
2014-08-06,2.1099
2014-08-05,2.111
2014-08-04,2.1103
2014-08-01,2.1059
2014-07-31,2.1136
2014-07-30,2.1217
2014-07-29,2.1254
2014-07-28,2.1226
2014-07-25,2.122
2014-07-24,2.127
2014-07-23,2.1261
2014-07-22,2.1253
2014-07-21,2.1184
2014-07-18,2.119
2014-07-17,2.1204
2014-07-16,2.1213
2014-07-15,2.1176
2014-07-14,2.1182
2014-07-11,2.1142
2014-07-10,2.1151
2014-07-09,2.114
2014-07-08,2.1176
2014-07-07,2.1174
2014-07-04,2.1184
2014-07-03,2.12
2014-07-02,2.1194
2014-06-30,2.1097
2014-06-27,2.1079
2014-06-26,2.1062
2014-06-25,2.1011
2014-06-24,2.1024
2014-06-23,2.099
2014-06-20,2.1043
2014-06-19,2.1061
2014-06-18,2.0995
2014-06-17,2.1005
2014-06-16,2.1022
2014-06-13,2.1054
2014-06-12,2.1031
2014-06-11,2.1027
2014-06-10,2.1062
2014-06-09,2.1041
2014-06-06,2.1014
2014-06-05,2.0998
2014-06-04,2.0995
2014-06-03,2.1025
2014-05-30,2.1
2014-05-29,2.0999
2014-05-28,2.0982
2014-05-27,2.0972
2014-05-26,2.0974
2014-05-23,2.0951
2014-05-22,2.0941
2014-05-21,2.0908
2014-05-20,2.0872
2014-05-19,2.0888
2014-05-16,2.0872
2014-05-15,2.0845
2014-05-14,2.0875
2014-05-13,2.0823
2014-05-12,2.0763
2014-05-09,2.0722
2014-05-08,2.0712
2014-05-07,2.0705
2014-05-05,2.0704
2014-05-02,2.0729
2014-04-30,2.0645
2014-04-29,2.0663
2014-04-28,2.0643
2014-04-25,2.0644
2014-04-24,2.0706
2014-04-23,2.0687
2014-04-22,2.0704
2014-04-17,2.0689
2014-04-16,2.0681
2014-04-15,2.0644
2014-04-14,2.0687
2014-04-11,2.0678
2014-04-10,2.0734
2014-04-09,2.0663
2014-04-08,2.0558
2014-04-07,2.05
2014-04-04,2.0506
2014-04-03,2.0535
2014-04-02,2.0522
2014-04-01,2.0524
2014-03-31,2.0469
2014-03-28,2.0425
2014-03-27,2.0347
2014-03-26,2.0297
2014-03-25,2.0198
2014-03-24,2.015
2014-03-21,2.0104
2014-03-20,2.0049
2014-03-19,2.0192
2014-03-18,2.0189
2014-03-17,2.0126
2014-03-14,2.01
2014-03-13,2.0169
2014-03-12,2.0169
2014-03-11,2.0248
2014-03-10,2.0245
2014-03-07,2.0316
2014-03-06,2.0323
2014-03-05,2.0303
2014-03-04,2.0337
2014-03-03,2.0278
2014-02-28,2.0349
2014-02-27,2.0297
2014-02-26,2.0263
2014-02-25,2.026
2014-02-24,2.0238
2014-02-21,2.026
2014-02-20,2.0218
2014-02-19,2.0291
2014-02-18,2.0295
2014-02-17,2.0273
2014-02-14,2.0218
2014-02-13,2.0163
2014-02-12,2.0155
2014-02-11,2.0097
2014-02-10,1.9995
2014-02-07,1.9963
2014-02-06,1.984
2014-02-05,1.9759
2014-02-04,1.9783
2014-01-30,2.0016
2014-01-29,2.0035
2014-01-28,2.0025
2014-01-27,1.9982
2014-01-24,2.016
2014-01-23,2.0298
2014-01-22,2.0374
2014-01-21,2.0346
2014-01-20,2.0332
2014-01-17,2.0365
2014-01-16,2.0341
2014-01-15,2.035
2014-01-14,2.0301
2014-01-13,2.0301
2014-01-10,2.0269
2014-01-09,2.0243
2014-01-08,2.03
2014-01-07,2.029
2014-01-06,2.0245
2014-01-03,2.0307
2014-01-02,2.038
2013-12-31,2.0447
2013-12-30,2.0399
2013-12-27,2.0403
2013-12-24,2.0325
2013-12-23,2.0286
2013-12-20,2.0223
2013-12-19,2.0235
2013-12-18,2.0237
2013-12-17,2.0135
2013-12-16,2.0158
2013-12-13,2.0133
2013-12-12,2.02
2013-12-11,2.0264
2013-12-10,2.0342
2013-12-09,2.0365
2013-12-06,2.0315
2013-12-05,2.0288
2013-12-04,2.0314
2013-12-03,2.0374
2013-12-02,2.0449
2013-11-29,2.0438
2013-11-28,2.0418
2013-11-27,2.0387
2013-11-26,2.0361
2013-11-25,2.0353
2013-11-22,2.0338
2013-11-21,2.0299
2013-11-20,2.0337
2013-11-19,2.0377
2013-11-18,2.0412
2013-11-15,2.0293
2013-11-14,2.0216
2013-11-13,2.0105
2013-11-12,2.0151
2013-11-11,2.0179
2013-11-08,2.0165
2013-11-07,2.0199
2013-11-06,2.0243
2013-11-05,2.0225
2013-11-04,2.0291
2013-11-01,2.0329
2013-10-31,2.0355
2013-10-30,2.0376
2013-10-29,2.0341
2013-10-28,2.034
2013-10-25,2.0309
2013-10-24,2.0315
2013-10-23,2.0316
2013-10-22,2.0355
2013-10-21,2.0299
2013-10-18,2.0321
2013-10-17,2.0203
2013-10-16,2.0111
2013-10-15,2.0085
2013-10-11,2.0089
2013-10-10,2.0007
2013-10-09,1.9941
2013-10-08,1.9976
2013-10-07,1.9991
2013-10-04,2.0056
2013-10-03,2.0029
2013-10-02,1.9989
2013-09-30,1.9924
2013-09-27,2.0008
2013-09-26,1.9997
2013-09-25,1.9998
2013-09-24,1.9991
2013-09-23,2.0003
2013-09-19,2.011
2013-09-18,1.9898
2013-09-17,1.9836
2013-09-16,1.9831
2013-09-13,1.9661
2013-09-12,1.9674
2013-09-11,1.9671
2013-09-10,1.9652
2013-09-09,1.9544
2013-09-06,1.943
2013-09-05,1.9434
2013-09-04,1.9405
2013-09-03,1.9398
2013-09-02,1.9372
2013-08-30,1.9312
2013-08-29,1.9323
2013-08-28,1.9271
2013-08-27,1.9343
2013-08-26,1.9455
2013-08-23,1.941
2013-08-22,1.937
2013-08-21,1.9391
2013-08-20,1.942
2013-08-19,1.9486
2013-08-16,1.958
2013-08-15,1.9578
2013-08-13,1.9667
2013-08-12,1.9637
2013-08-09,1.9627
2013-08-08,1.9593
2013-08-07,1.952
2013-08-06,1.9581
2013-08-05,1.964
2013-08-02,1.9586
2013-08-01,1.9586
2013-07-31,1.9494
2013-07-30,1.9514
2013-07-29,1.9485
2013-07-26,1.9536
2013-07-25,1.9513
2013-07-24,1.9564
2013-07-23,1.9566
2013-07-22,1.9486
2013-07-19,1.9444
2013-07-18,1.9457
2013-07-17,1.9435
2013-07-16,1.9418
2013-07-15,1.943
2013-07-12,1.9428
2013-07-11,1.9403
2013-07-10,1.9161
2013-07-09,1.9128
2013-07-08,1.9032
2013-07-05,1.9101
2013-07-04,1.9093
2013-07-03,1.9001
2013-07-02,1.914
2013-06-28,1.9107
2013-06-27,1.905
2013-06-26,1.8926
2013-06-25,1.8803
2013-06-24,1.8725
2013-06-21,1.8972
2013-06-20,1.9044
2013-06-19,1.9474
2013-06-18,1.9545
2013-06-17,1.9527
2013-06-14,1.9411
2013-06-13,1.9369
2013-06-11,1.9353
2013-06-10,1.952
2013-06-07,1.9534
2013-06-06,1.9446
2013-06-05,1.9495
2013-06-04,1.9626
2013-06-03,1.9609
2013-05-31,1.9664
2013-05-30,1.9721
2013-05-29,1.9701
2013-05-28,1.9839
2013-05-27,1.9797
2013-05-24,1.9781
2013-05-23,1.9754
2013-05-22,1.9937
2013-05-21,1.9992
2013-05-20,2.0012
2013-05-16,1.9948
2013-05-15,1.9953
2013-05-14,1.9916
2013-05-13,1.9872
2013-05-10,1.9938
2013-05-09,2.0014
2013-05-08,1.9993
2013-05-07,1.9915
2013-05-06,1.9882
2013-05-03,1.9874
2013-05-02,1.9849
2013-04-30,1.9815
2013-04-29,1.977
2013-04-26,1.9701
2013-04-25,1.9695
2013-04-24,1.964
2013-04-23,1.9573
2013-04-22,1.9529
2013-04-19,1.9498
2013-04-18,1.9396
2013-04-17,1.9456
2013-04-16,1.9499
2013-04-15,1.9472
2013-04-12,1.9578
2013-04-11,1.9607
2013-04-10,1.9548
2013-04-09,1.9448
2013-04-08,1.9434
2013-04-05,1.9427
2013-04-03,1.9525
2013-04-02,1.9597
2013-03-28,1.955
2013-03-27,1.9542
2013-03-26,1.9511
2013-03-25,1.9475
2013-03-22,1.9454
2013-03-21,1.9432
2013-03-20,1.9472
2013-03-19,1.9429
2013-03-18,1.945
2013-03-15,1.9529
2013-03-14,1.9521
2013-03-13,1.9514
2013-03-12,1.9518
2013-03-11,1.958
2013-03-08,1.9596
2013-03-07,1.9546
2013-03-06,1.9558
2013-03-05,1.9509
2013-03-04,1.9422
2013-03-01,1.95
2013-02-28,1.9507
2013-02-27,1.9424
2013-02-26,1.9348
2013-02-25,1.9394
2013-02-22,1.9451
2013-02-21,1.9407
2013-02-20,1.9574
2013-02-19,1.9554
2013-02-18,1.9524
2013-02-15,1.956
2013-02-14,1.9527
2013-02-08,1.9491
2013-02-07,1.944
2013-02-06,1.947
2013-02-05,1.9444
2013-02-04,1.9494
2013-02-01,1.9563
2013-01-31,1.9515
2013-01-30,1.9535
2013-01-29,1.9521
2013-01-28,1.9481
2013-01-25,1.9525
2013-01-24,1.9524
2013-01-23,1.9514
2013-01-22,1.9513
2013-01-21,1.948
2013-01-18,1.9483
2013-01-17,1.9446
2013-01-16,1.9432
2013-01-15,1.9449
2013-01-14,1.9432
2013-01-11,1.941
2013-01-10,1.9379
2013-01-09,1.9364
2013-01-08,1.9325
2013-01-07,1.9344
2013-01-04,1.9345
2013-01-03,1.9362
2013-01-02,1.9394
2012-12-31,1.9199
2012-12-28,1.9169
2012-12-27,1.9192
2012-12-24,1.9186
2012-12-21,1.9191
2012-12-20,1.9246
2012-12-19,1.9227
2012-12-18,1.9181
2012-12-17,1.9165
2012-12-14,1.9188
2012-12-13,1.9176
2012-12-12,1.9203
2012-12-11,1.9172
2012-12-10,1.9128
2012-12-07,1.9136
2012-12-06,1.9142
2012-12-05,1.9136
2012-12-04,1.9063
2012-12-03,1.9053
2012-11-30,1.9072
2012-11-29,1.9044
2012-11-28,1.8945
2012-11-27,1.8953
2012-11-26,1.8926
2012-11-23,1.8936
2012-11-22,1.8834
2012-11-21,1.8771
2012-11-20,1.8755
2012-11-19,1.8751
2012-11-16,1.8632
2012-11-15,1.8624
2012-11-14,1.8697
2012-11-13,1.8718
2012-11-12,1.8758
2012-11-09,1.8764
2012-11-08,1.8762
2012-11-07,1.8879
2012-11-06,1.8908
2012-11-05,1.8872
2012-11-02,1.8909
2012-11-01,1.8889
2012-10-31,1.883
2012-10-30,1.8795
2012-10-29,1.8771
2012-10-26,1.8789
2012-10-25,1.8829
2012-10-24,1.882
2012-10-22,1.8868
2012-10-19,1.8876
2012-10-18,1.894
2012-10-17,1.8945
2012-10-16,1.8893
2012-10-15,1.8823
2012-10-12,1.8808
2012-10-11,1.8799
2012-10-10,1.8781
2012-10-09,1.8827
2012-10-08,1.8875
2012-10-05,1.8951
2012-10-04,1.89
2012-10-03,1.8873
2012-09-28,1.8823
2012-09-27,1.88
2012-09-26,1.8714
2012-09-25,1.8779
2012-09-24,1.8804
2012-09-21,1.8797
2012-09-20,1.8779
2012-09-19,1.8846
2012-09-18,1.8798
2012-09-17,1.8828
2012-09-14,1.8855
2012-09-13,1.8699
2012-09-12,1.8649
2012-09-11,1.8583
2012-09-10,1.8569
2012-09-07,1.8536
2012-09-06,1.841
2012-09-05,1.8298
2012-09-04,1.8352
2012-09-03,1.8391
2012-08-31,1.833
2012-08-30,1.8304
2012-08-29,1.8375
2012-08-28,1.8348
2012-08-27,1.8362
2012-08-24,1.8368
2012-08-23,1.8387
2012-08-22,1.8316
2012-08-21,1.8335
2012-08-20,1.8311
2012-08-17,1.8317
2012-08-16,1.8257
2012-08-15,1.8265
2012-08-14,1.8323
2012-08-13,1.8284
2012-08-10,1.8294
2012-08-09,1.834
2012-08-08,1.8282
2012-08-07,1.8311
2012-08-06,1.8289
2012-08-03,1.8173
2012-08-02,1.8118
2012-08-01,1.8207
2012-07-31,1.8194
2012-07-30,1.8168
2012-07-27,1.81
2012-07-26,1.794
2012-07-25,1.7837
2012-07-24,1.7862
2012-07-23,1.7912
2012-07-20,1.8089
2012-07-19,1.8126
2012-07-18,1.8028
2012-07-17,1.801
2012-07-16,1.7913
2012-07-13,1.7904
2012-07-12,1.7823
2012-07-11,1.7916
2012-07-10,1.7912
2012-07-09,1.7901
2012-07-06,1.7985
2012-07-05,1.8058
2012-07-04,1.8053
2012-07-03,1.8013
2012-06-29,1.785
2012-06-28,1.7655
2012-06-27,1.7676
2012-06-26,1.7595
2012-06-25,1.756
2012-06-22,1.7652
2012-06-21,1.7734
2012-06-20,1.7873
2012-06-19,1.786
2012-06-18,1.782
2012-06-15,1.7728
2012-06-14,1.7629
2012-06-13,1.7623
2012-06-12,1.7611
2012-06-11,1.7635
2012-06-08,1.7563
2012-06-07,1.7596
2012-06-06,1.7512
2012-06-05,1.737
2012-06-04,1.7347
2012-06-01,1.7452
2012-05-31,1.7567
2012-05-30,1.7563
2012-05-29,1.7679
2012-05-28,1.7587
2012-05-25,1.7557
2012-05-24,1.7562
2012-05-23,1.7578
2012-05-22,1.7684
2012-05-21,1.7612
2012-05-18,1.7527
2012-05-17,1.7647
2012-05-16,1.7688
2012-05-15,1.7889
2012-05-14,1.7903
2012-05-11,1.8011
2012-05-10,1.8079
2012-05-09,1.8074
2012-05-08,1.8158
2012-05-07,1.8188
2012-05-04,1.8308
2012-05-03,1.8403
2012-05-02,1.8439
2012-04-30,1.8411
2012-04-27,1.8356
2012-04-26,1.8345
2012-04-25,1.8271
2012-04-24,1.8206
2012-04-23,1.8192
2012-04-20,1.8298
2012-04-19,1.8309
2012-04-18,1.8293
2012-04-17,1.8266
2012-04-16,1.8175
2012-04-13,1.8224
2012-04-12,1.8225
2012-04-11,1.8142
2012-04-10,1.8134
2012-04-05,1.8265
2012-04-03,1.8423
2012-04-02,1.8401
2012-03-30,1.8341
2012-03-29,1.8311
2012-03-28,1.8379
2012-03-27,1.8425
2012-03-26,1.8333
2012-03-23,1.8269
2012-03-22,1.8282
2012-03-21,1.8321
2012-03-20,1.8363
2012-03-19,1.8422
2012-03-16,1.8391
2012-03-15,1.8379
2012-03-14,1.8388
2012-03-13,1.8415
2012-03-12,1.829
2012-03-09,1.8328
2012-03-08,1.8272
2012-03-07,1.8131
2012-03-06,1.8142
2012-03-05,1.8321
2012-03-02,1.8369
2012-03-01,1.8377
2012-02-29,1.8409
2012-02-28,1.8365
2012-02-27,1.8283
2012-02-24,1.8305
2012-02-23,1.827
2012-02-22,1.829
2012-02-21,1.8293
2012-02-20,1.8292
2012-02-17,1.8274
2012-02-16,1.8193
2012-02-15,1.8221
2012-02-14,1.8141
2012-02-13,1.8169
2012-02-10,1.8105
2012-02-09,1.8184
2012-02-08,1.8184
2012-02-07,1.8113
2012-02-06,1.8095
2012-02-03,1.8108
2012-02-02,1.8042
2012-02-01,1.7956
2012-01-31,1.7935
2012-01-30,1.7863
2012-01-27,1.7918
2012-01-26,1.7881
2012-01-20,1.7778
2012-01-19,1.7765
2012-01-18,1.7672
2012-01-17,1.7633
2012-01-16,1.75
2012-01-13,1.7567
2012-01-12,1.7532
2012-01-11,1.7551
2012-01-10,1.752
2012-01-09,1.7432
2012-01-06,1.7406
2012-01-05,1.75
2012-01-04,1.7538
2012-01-03,1.752
2011-12-30,1.736
2011-12-29,1.7357
2011-12-28,1.7349
2011-12-23,1.7404
2011-12-22,1.7334
2011-12-21,1.7336
2011-12-20,1.7229
2011-12-19,1.7144
2011-12-16,1.7227
2011-12-15,1.7163
2011-12-14,1.7205
2011-12-13,1.7313
2011-12-12,1.7385
2011-12-09,1.7427
2011-12-08,1.7489
2011-12-07,1.7576
2011-12-06,1.7513
2011-12-05,1.7587
2011-12-02,1.7523
2011-12-01,1.7511
2011-11-30,1.7307
2011-11-29,1.7202
2011-11-28,1.7132
2011-11-25,1.6947
2011-11-24,1.7029
2011-11-23,1.7051
2011-11-22,1.7207
2011-11-21,1.7219
2011-11-18,1.7375
2011-11-17,1.7442
2011-11-16,1.7501
2011-11-15,1.763
2011-11-14,1.7672
2011-11-11,1.7619
2011-11-10,1.7488
2011-11-09,1.7689
2011-11-08,1.7744
2011-11-07,1.7682
2011-11-04,1.7707
2011-11-03,1.7586
2011-11-02,1.7626
2011-11-01,1.7537
2011-10-31,1.7711
2011-10-28,1.7926
2011-10-27,1.7843
2011-10-26,1.7588
2011-10-25,1.7548
2011-10-24,1.756
2011-10-21,1.734
2011-10-20,1.725
2011-10-19,1.7329
2011-10-18,1.7281
2011-10-17,1.7395
2011-10-14,1.7353
2011-10-13,1.7336
2011-10-12,1.7272
2011-10-11,1.7175
2011-10-10,1.7077
2011-10-07,1.6944
2011-10-06,1.6849
2011-10-04,1.6514
2011-10-03,1.6633
2011-09-30,1.6893
2011-09-28,1.7048
2011-09-27,1.7076
2011-09-26,1.6843
2011-09-23,1.6927
2011-09-22,1.6998
2011-09-21,1.7352
2011-09-20,1.7446
2011-09-19,1.7444
2011-09-16,1.7598
2011-09-15,1.7531
2011-09-14,1.7409
2011-09-12,1.7387
2011-09-09,1.7574
2011-09-08,1.7717
2011-09-07,1.7747
2011-09-06,1.7603
2011-09-05,1.7621
2011-09-02,1.7794
2011-09-01,1.7929
2011-08-31,1.7968
2011-08-30,1.785
2011-08-29,1.7774
2011-08-26,1.7592
2011-08-25,1.7581
2011-08-24,1.7599
2011-08-23,1.7639
2011-08-22,1.7474
2011-08-19,1.7496
2011-08-18,1.7705
2011-08-17,1.7914
2011-08-16,1.788
2011-08-15,1.7869
2011-08-12,1.7722
2011-08-11,1.7687
2011-08-10,1.7605
2011-08-09,1.7603
2011-08-08,1.7658
2011-08-05,1.794
2011-08-04,1.8174
2011-08-03,1.8419
2011-08-02,1.8482
2011-08-01,1.8637
2011-07-29,1.8576
2011-07-28,1.8639
2011-07-27,1.8666
2011-07-26,1.8715
2011-07-25,1.8644
2011-07-22,1.8692
2011-07-21,1.8582
2011-07-20,1.8516
2011-07-19,1.8458
2011-07-18,1.8375
2011-07-15,1.8422
2011-07-14,1.8422
2011-07-13,1.8412
2011-07-12,1.8313
2011-07-11,1.8457
2011-07-08,1.859
2011-07-07,1.8605
2011-07-06,1.857
2011-07-05,1.8585
2011-07-04,1.8611
2011-06-30,1.8479
2011-06-29,1.8332
2011-06-28,1.8241
2011-06-27,1.8167
2011-06-24,1.8187
2011-06-23,1.8172
2011-06-22,1.8244
2011-06-21,1.8242
2011-06-20,1.8116
2011-06-17,1.8138
2011-06-16,1.8159
2011-06-15,1.8254
2011-06-14,1.8318
2011-06-13,1.8247
2011-06-10,1.8269
2011-06-09,1.8388
2011-06-08,1.837
2011-06-07,1.8419
2011-06-03,1.8445
2011-06-02,1.8486
2011-06-01,1.8559
2011-05-31,1.8594
2011-05-30,1.8468
2011-05-27,1.846
2011-05-26,1.8363
2011-05-25,1.8269
2011-05-24,1.8263
2011-05-23,1.8253
2011-05-20,1.8454
2011-05-19,1.8442
2011-05-18,1.8427
2011-05-17,1.8331
2011-05-16,1.836
2011-05-13,1.8473
2011-05-12,1.8439
2011-05-11,1.8539
2011-05-09,1.85
2011-05-06,1.8448
2011-05-05,1.8492
2011-05-04,1.8493
2011-05-03,1.8578
2011-04-29,1.8604
2011-04-28,1.8595
2011-04-27,1.8535
2011-04-26,1.8515
2011-04-21,1.8501
2011-04-20,1.8399
2011-04-19,1.8241
2011-04-18,1.8255
2011-04-15,1.8338
2011-04-14,1.8315
2011-04-13,1.8313
2011-04-12,1.8224
2011-04-11,1.8341
2011-04-08,1.8371
2011-04-07,1.834
2011-04-06,1.8368
2011-04-04,1.8323
2011-04-01,1.8242
2011-03-31,1.8213
2011-03-30,1.8169
2011-03-29,1.8095
2011-03-28,1.806
2011-03-25,1.8132
2011-03-24,1.8077
2011-03-23,1.8034
2011-03-22,1.8007
2011-03-21,1.7952
2011-03-18,1.7811
2011-03-17,1.7804
2011-03-16,1.7795
2011-03-15,1.7776
2011-03-14,1.7965
2011-03-11,1.799
2011-03-10,1.8045
2011-03-09,1.8141
2011-03-08,1.8164
2011-03-07,1.8107
2011-03-04,1.817
2011-03-03,1.8143
2011-03-02,1.804
2011-03-01,1.8086
2011-02-28,1.8067
2011-02-25,1.8006
2011-02-24,1.7878
2011-02-23,1.7943
2011-02-22,1.7976
2011-02-21,1.8147
2011-02-18,1.8161
2011-02-17,1.8114
2011-02-16,1.8083
2011-02-15,1.7988
2011-02-14,1.8018
2011-02-11,1.7954
2011-02-10,1.7984
2011-02-09,1.8098
2011-02-08,1.8192
2011-02-07,1.8196
2011-02-02,1.8292
2011-02-01,1.8182
2011-01-31,1.8097
2011-01-28,1.8118
2011-01-27,1.8204
2011-01-26,1.8195
2011-01-25,1.8193
2011-01-24,1.818
2011-01-21,1.8147
2011-01-20,1.8181
2011-01-19,1.8276
2011-01-18,1.8274
2011-01-17,1.822
2011-01-14,1.8271
2011-01-13,1.8198
2011-01-12,1.8177
2011-01-11,1.81
2011-01-10,1.8041
2011-01-07,1.8068
2011-01-06,1.813
2011-01-05,1.8151
2011-01-04,1.8161
2011-01-03,1.8105
2010-12-31,1.8007
2010-12-30,1.8002
2010-12-29,1.7945
2010-12-28,1.7888
2010-12-24,1.789
2010-12-23,1.7906
2010-12-22,1.7885
2010-12-21,1.7843
2010-12-20,1.7759
2010-12-17,1.7783
2010-12-16,1.774
2010-12-15,1.7794
2010-12-14,1.7918
2010-12-13,1.784
2010-12-10,1.7838
2010-12-09,1.7845
2010-12-08,1.7793
2010-12-07,1.788
2010-12-06,1.7875
2010-12-03,1.7812
2010-12-02,1.7802
2010-12-01,1.7675
2010-11-30,1.754
2010-11-29,1.7608
2010-11-26,1.7615
2010-11-25,1.7692
2010-11-24,1.7693
2010-11-23,1.7644
2010-11-22,1.787
2010-11-19,1.7877
2010-11-18,1.7836
2010-11-17,1.7685
2010-11-16,1.778
2010-11-15,1.7892
2010-11-12,1.795
2010-11-11,1.8098
2010-11-10,1.8123
2010-11-09,1.8176
2010-11-08,1.8222
2010-11-05,1.8238
2010-11-04,1.8144
2010-11-03,1.801
2010-11-02,1.7933
2010-11-01,1.7891
2010-10-29,1.7761
2010-10-28,1.7739
2010-10-27,1.7716
2010-10-26,1.7863
2010-10-25,1.7921
2010-10-22,1.785
2010-10-21,1.7839
2010-10-20,1.7799
2010-10-19,1.7811
2010-10-18,1.7824
2010-10-15,1.7887
2010-10-14,1.7944
2010-10-13,1.7874
2010-10-12,1.7789
2010-10-11,1.7835
2010-10-08,1.7796
2010-10-07,1.7786
2010-10-06,1.7765
2010-10-05,1.7672
2010-10-04,1.7623
2010-09-30,1.7569
2010-09-29,1.7573
2010-09-28,1.7487
2010-09-27,1.7525
2010-09-24,1.7458
2010-09-22,1.7412
2010-09-21,1.734
2010-09-20,1.7336
2010-09-17,1.7274
2010-09-16,1.7228
2010-09-15,1.7251
2010-09-14,1.72
2010-09-13,1.7147
2010-09-10,1.7039
2010-09-09,1.7013
2010-09-08,1.6973
2010-09-07,1.6987
2010-09-06,1.7033
2010-09-03,1.6962
2010-09-02,1.6892
2010-09-01,1.6835
2010-08-31,1.6697
2010-08-30,1.6703
2010-08-27,1.6698
2010-08-26,1.6669
2010-08-25,1.6661
2010-08-24,1.6673
2010-08-23,1.6736
2010-08-20,1.6757
2010-08-19,1.6777
2010-08-18,1.6807
2010-08-17,1.6802
2010-08-16,1.6724
2010-08-13,1.6708
2010-08-12,1.6696
2010-08-11,1.678
2010-08-10,1.6891
2010-08-09,1.6983
2010-08-06,1.6923
2010-08-05,1.6904
2010-08-04,1.6923
2010-08-03,1.6906
2010-08-02,1.6846
2010-07-30,1.6694
2010-07-29,1.6688
2010-07-28,1.6641
2010-07-27,1.6647
2010-07-26,1.6593
2010-07-23,1.6551
2010-07-22,1.6489
2010-07-21,1.64
2010-07-20,1.6394
2010-07-19,1.6343
2010-07-16,1.635
2010-07-15,1.6379
2010-07-14,1.6407
2010-07-13,1.6359
2010-07-12,1.6304
2010-07-09,1.6334
2010-07-08,1.6279
2010-07-07,1.6201
2010-07-06,1.6119
2010-07-05,1.6016
2010-07-02,1.6022
2010-06-30,1.6036
2010-06-29,1.6061
2010-06-28,1.6236
2010-06-25,1.62
2010-06-24,1.6234
2010-06-23,1.6282
2010-06-22,1.6309
2010-06-21,1.6377
2010-06-18,1.6278
2010-06-17,1.6224
2010-06-15,1.6158
2010-06-14,1.6078
2010-06-11,1.6016
2010-06-10,1.5932
2010-06-09,1.5812
2010-06-08,1.5813
2010-06-07,1.5794
2010-06-04,1.5947
2010-06-03,1.6042
2010-06-02,1.5941
2010-06-01,1.5883
2010-05-31,1.6003
2010-05-28,1.5987
2010-05-27,1.5944
2010-05-26,1.5764
2010-05-25,1.5715
2010-05-24,1.5942
2010-05-20,1.5905
2010-05-19,1.6039
2010-05-18,1.6197
2010-05-17,1.6182
2010-05-14,1.6291
2010-05-13,1.643
2010-05-12,1.639
2010-05-11,1.6344
2010-05-10,1.641
2010-05-07,1.6106
2010-05-06,1.6245
2010-05-05,1.6438
2010-05-04,1.6573
2010-05-03,1.6692
2010-04-30,1.6712
2010-04-29,1.6697
2010-04-28,1.6685
2010-04-27,1.6783
2010-04-26,1.6913
2010-04-23,1.6837
2010-04-22,1.6831
2010-04-21,1.6866
2010-04-20,1.686
2010-04-19,1.6787
2010-04-16,1.6881
2010-04-15,1.6978
2010-04-14,1.6956
2010-04-13,1.6887
2010-04-12,1.6902
2010-04-09,1.6869
2010-04-08,1.6784
2010-04-07,1.6831
2010-04-01,1.675
2010-03-31,1.6626
2010-03-30,1.6695
2010-03-29,1.6682
2010-03-26,1.6612
2010-03-25,1.6572
2010-03-24,1.6616
2010-03-23,1.6655
2010-03-22,1.6607
2010-03-19,1.6649
2010-03-18,1.6634
2010-03-17,1.6655
2010-03-16,1.6521
2010-03-15,1.6483
2010-03-12,1.65
2010-03-11,1.6479
2010-03-10,1.6444
2010-03-09,1.6434
2010-03-08,1.6431
2010-03-05,1.6349
2010-03-04,1.6268
2010-03-03,1.6265
2010-03-02,1.6231
2010-03-01,1.6211
2010-02-26,1.6106
2010-02-25,1.6052
2010-02-24,1.6073
2010-02-23,1.6084
2010-02-22,1.6081
2010-02-19,1.5972
2010-02-18,1.6072
2010-02-17,1.6119
2010-02-12,1.5973
2010-02-11,1.5981
2010-02-10,1.5929
2010-02-09,1.589
2010-02-08,1.5814
2010-02-05,1.5848
2010-02-04,1.6
2010-02-03,1.6178
2010-02-02,1.6113
2010-02-01,1.604
2010-01-29,1.6014
2010-01-28,1.6068
2010-01-27,1.6081
2010-01-26,1.6135
2010-01-25,1.6223
2010-01-22,1.6245
2010-01-21,1.6342
2010-01-20,1.6501
2010-01-19,1.6621
2010-01-18,1.6587
2010-01-15,1.6593
2010-01-14,1.6613
2010-01-13,1.6545
2010-01-12,1.6599
2010-01-11,1.6614
2010-01-08,1.6547
2010-01-07,1.6545
2010-01-06,1.6554
2010-01-05,1.654
2010-01-04,1.6422
2009-12-31,1.6357
2009-12-30,1.6314
2009-12-29,1.633
2009-12-28,1.6322
2009-12-24,1.6311
2009-12-23,1.6241
2009-12-22,1.6215
2009-12-21,1.6204
2009-12-18,1.6202
2009-12-17,1.6242
2009-12-16,1.633
2009-12-15,1.6351
2009-12-14,1.6408
2009-12-11,1.6354
2009-12-10,1.6325
2009-12-09,1.6344
2009-12-08,1.6387
2009-12-07,1.6446
2009-12-04,1.6509
2009-12-03,1.6521
2009-12-02,1.6494
2009-12-01,1.6444
2009-11-30,1.6345
2009-11-27,1.6212
2009-11-26,1.6393
2009-11-25,1.6438
2009-11-24,1.637
2009-11-23,1.6389
2009-11-20,1.6304
2009-11-19,1.6342
2009-11-18,1.6416
2009-11-17,1.6434
2009-11-16,1.6435
2009-11-13,1.6281
2009-11-12,1.6282
2009-11-11,1.6317
2009-11-10,1.6258
2009-11-09,1.6254
2009-11-06,1.6113
2009-11-05,1.6051
2009-11-04,1.5986
2009-11-03,1.5927
2009-11-02,1.5953
2009-10-30,1.5961
2009-10-29,1.5981
2009-10-28,1.5986
2009-10-27,1.6132
2009-10-23,1.6285
2009-10-22,1.6277
2009-10-21,1.6307
2009-10-20,1.6329
2009-10-19,1.6297
2009-10-16,1.6232
2009-10-15,1.6294
2009-10-14,1.6274
2009-10-13,1.6119
2009-10-12,1.61
2009-10-09,1.6116
2009-10-08,1.6129
2009-10-07,1.606
2009-10-06,1.5991
2009-10-05,1.5867
2009-10-02,1.582
2009-09-30,1.5962
2009-09-29,1.5933
2009-09-28,1.5873
2009-09-25,1.5864
2009-09-24,1.5921
2009-09-23,1.6
2009-09-22,1.5996
2009-09-21,1.592
2009-09-18,1.5973
2009-09-17,1.6006
2009-09-16,1.596
2009-09-15,1.5821
2009-09-14,1.583
2009-09-11,1.5852
2009-09-10,1.5795
2009-09-09,1.5685
2009-09-08,1.5659
2009-09-07,1.5579
2009-09-04,1.5517
2009-09-03,1.5432
2009-09-02,1.5333
2009-09-01,1.5418
2009-08-31,1.5436
2009-08-28,1.5506
2009-08-27,1.5504
2009-08-26,1.5529
2009-08-25,1.5514
2009-08-24,1.5516
2009-08-21,1.5452
2009-08-20,1.5367
2009-08-19,1.5236
2009-08-18,1.5241
2009-08-17,1.5214
2009-08-14,1.5401
2009-08-13,1.5379
2009-08-12,1.5309
2009-08-11,1.531
2009-08-10,1.5346
2009-08-07,1.5363
2009-08-06,1.5445
2009-08-05,1.5438
2009-08-04,1.5499
2009-08-03,1.5493
2009-07-31,1.5317
2009-07-30,1.5222
2009-07-29,1.5163
2009-07-28,1.5234
2009-07-27,1.5187
2009-07-24,1.5095
2009-07-23,1.5066
2009-07-22,1.4939
2009-07-21,1.4938
2009-07-20,1.4883
2009-07-17,1.4728
2009-07-16,1.4673
2009-07-15,1.4609
2009-07-14,1.4455
2009-07-13,1.4352
2009-07-10,1.4341
2009-07-09,1.4364
2009-07-08,1.4295
2009-07-07,1.4325
2009-07-06,1.4359
2009-07-03,1.4399
2009-07-02,1.4408
2009-06-30,1.4487
2009-06-29,1.4513
2009-06-26,1.4472
2009-06-25,1.438
2009-06-24,1.4326
2009-06-23,1.4183
2009-06-22,1.4255
2009-06-19,1.4301
2009-06-18,1.4262
2009-06-17,1.4257
2009-06-16,1.4296
2009-06-15,1.4363
2009-06-12,1.4517
2009-06-11,1.4496
2009-06-10,1.4511
2009-06-09,1.4363
2009-06-08,1.4374
2009-06-05,1.4527
2009-06-04,1.4514
2009-06-03,1.4564
2009-06-02,1.4531
2009-06-01,1.4623
2009-05-29,1.438
2009-05-27,1.4285
2009-05-26,1.4212
2009-05-25,1.4168
2009-05-22,1.4141
2009-05-21,1.4141
2009-05-20,1.4168
2009-05-19,1.415
2009-05-18,1.4035
2009-05-15,1.3933
2009-05-14,1.3866
2009-05-13,1.3906
2009-05-12,1.3927
2009-05-11,1.3918
2009-05-08,1.3909
2009-05-07,1.3838
2009-05-06,1.3817
2009-05-05,1.3691
2009-05-04,1.3625
2009-04-30,1.3442
2009-04-29,1.3257
2009-04-28,1.3096
2009-04-27,1.3168
2009-04-24,1.3261
2009-04-23,1.3146
2009-04-22,1.3049
2009-04-21,1.3066
2009-04-20,1.3067
2009-04-17,1.3145
2009-04-16,1.3157
2009-04-15,1.3097
2009-04-14,1.3085
2009-04-09,1.2972
2009-04-08,1.281
2009-04-07,1.2855
2009-04-06,1.2942
2009-04-03,1.2924
2009-04-02,1.2922
2009-04-01,1.2684
2009-03-31,1.261
2009-03-30,1.2551
2009-03-27,1.2768
2009-03-26,1.2806
2009-03-25,1.2721
2009-03-24,1.2755
2009-03-23,1.2795
2009-03-20,1.2552
2009-03-19,1.2552
2009-03-18,1.2395
2009-03-17,1.2317
2009-03-16,1.2269
2009-03-13,1.2204
2009-03-12,1.2113
2009-03-11,1.2006
2009-03-10,1.1968
2009-03-09,1.1861
2009-03-06,1.1962
2009-03-05,1.1951
2009-03-04,1.2041
2009-03-03,1.1959
2009-03-02,1.1968
2009-02-27,1.2209
2009-02-26,1.2255
2009-02-25,1.2342
2009-02-24,1.234
2009-02-23,1.2412
2009-02-20,1.2359
2009-02-19,1.2469
2009-02-18,1.2494
2009-02-17,1.2509
2009-02-16,1.2646
2009-02-13,1.2764
2009-02-12,1.2759
2009-02-11,1.2785
2009-02-10,1.2777
2009-02-09,1.2856
2009-02-06,1.283
2009-02-05,1.272
2009-02-04,1.2725
2009-02-03,1.2656
2009-02-02,1.2625
2009-01-30,1.2718
2009-01-29,1.2765
2009-01-23,1.2577
2009-01-22,1.2614
2009-01-21,1.2612
2009-01-20,1.2601
2009-01-19,1.2836
2009-01-16,1.2828
2009-01-15,1.2778
2009-01-14,1.2904
2009-01-13,1.2988
2009-01-12,1.3082
2009-01-09,1.3209
2009-01-08,1.3198
2009-01-07,1.3311
2009-01-06,1.3386
2009-01-05,1.3451
2009-01-02,1.336
2008-12-31,1.3257
2008-12-30,1.3202
2008-12-29,1.3158
2008-12-24,1.3055
2008-12-23,1.306
2008-12-22,1.3176
2008-12-19,1.3302
2008-12-18,1.3369
2008-12-17,1.3278
2008-12-16,1.3089
2008-12-15,1.2908
2008-12-12,1.2815
2008-12-11,1.2913
2008-12-10,1.2908
2008-12-09,1.271
2008-12-08,1.2707
2008-12-05,1.2442
2008-12-04,1.2406
2008-12-03,1.2482
2008-12-02,1.2401
2008-12-01,1.2423
2008-11-28,1.2632
2008-11-27,1.2547
2008-11-26,1.2472
2008-11-25,1.2308
2008-11-24,1.2169
2008-11-21,1.2039
2008-11-20,1.1953
2008-11-19,1.2175
2008-11-18,1.2334
2008-11-17,1.2377
2008-11-14,1.2503
2008-11-13,1.248
2008-11-12,1.2513
2008-11-11,1.2664
2008-11-10,1.2846
2008-11-07,1.2795
2008-11-06,1.2707
2008-11-05,1.3025
2008-11-04,1.2987
2008-11-03,1.2887
2008-10-31,1.2784
2008-10-30,1.2811
2008-10-29,1.2413
2008-10-28,1.2304
2008-10-27,1.2003
2008-10-24,1.2371
2008-10-23,1.2628
2008-10-22,1.2772
2008-10-21,1.3098
2008-10-20,1.3187
2008-10-17,1.3001
2008-10-16,1.3051
2008-10-15,1.3267
2008-10-14,1.3629
2008-10-13,1.3478
2008-10-10,1.3062
2008-10-09,1.3405
2008-10-08,1.351
2008-10-06,1.396
2008-10-03,1.4266
2008-10-02,1.4323
2008-09-30,1.4482
2008-09-29,1.4358
2008-09-26,1.4733
2008-09-25,1.479
2008-09-24,1.4735
2008-09-23,1.4793
2008-09-22,1.4946
2008-09-19,1.4936
2008-09-18,1.4655
2008-09-17,1.4695
2008-09-16,1.4898
2008-09-12,1.5128
2008-09-11,1.5062
2008-09-10,1.518
2008-09-09,1.5206
2008-09-08,1.5372
2008-09-05,1.5236
2008-09-04,1.5324
2008-09-03,1.5438
2008-09-02,1.5522
2008-09-01,1.5596
2008-08-29,1.5677
2008-08-28,1.5642
2008-08-27,1.5639
2008-08-26,1.5566
2008-08-25,1.5575
2008-08-21,1.5543
2008-08-20,1.5612
2008-08-19,1.5531
2008-08-18,1.5675
2008-08-15,1.5712
2008-08-14,1.5769
2008-08-13,1.5742
2008-08-12,1.5768
2008-08-11,1.5827
2008-08-08,1.5819
2008-08-07,1.5834
2008-08-05,1.5828
2008-08-04,1.5839
2008-08-01,1.5944
2008-07-31,1.5976
2008-07-30,1.596
2008-07-29,1.5868
2008-07-28,1.5869
2008-07-25,1.5886
2008-07-24,1.5906
2008-07-23,1.5969
2008-07-22,1.5919
2008-07-21,1.5891
2008-07-18,1.5821
2008-07-17,1.5857
2008-07-16,1.5795
2008-07-15,1.5745
2008-07-14,1.5868
2008-07-11,1.588
2008-07-10,1.5907
2008-07-09,1.586
2008-07-08,1.5862
2008-07-07,1.5918
2008-07-04,1.5884
2008-07-03,1.5935
2008-07-02,1.5945
2008-06-30,1.611
2008-06-27,1.608
2008-06-26,1.6123
2008-06-25,1.6188
2008-06-24,1.6168
2008-06-23,1.6201
2008-06-20,1.6229
2008-06-19,1.6289
2008-06-18,1.6365
2008-06-17,1.6388
2008-06-16,1.6315
2008-06-13,1.6264
2008-06-12,1.6291
2008-06-11,1.6371
2008-06-10,1.6498
2008-06-06,1.675
2008-06-05,1.6773
2008-06-04,1.6769
2008-06-03,1.6828
2008-06-02,1.6863
2008-05-30,1.6852
2008-05-29,1.6824
2008-05-28,1.6853
2008-05-27,1.6837
2008-05-26,1.6836
2008-05-23,1.6872
2008-05-22,1.6956
2008-05-21,1.6974
2008-05-20,1.7002
2008-05-19,1.7118
2008-05-16,1.7066
2008-05-15,1.6976
2008-05-14,1.6892
2008-05-13,1.6941
2008-05-09,1.6891
2008-05-08,1.6888
2008-05-07,1.6905
2008-05-06,1.6981
2008-05-05,1.6936
2008-05-02,1.6945
2008-04-30,1.6841
2008-04-29,1.6837
2008-04-28,1.6828
2008-04-25,1.6774
2008-04-24,1.6831
2008-04-23,1.6855
2008-04-22,1.6795
2008-04-21,1.6787
2008-04-18,1.673
2008-04-17,1.6703
2008-04-16,1.6662
2008-04-15,1.6593
2008-04-14,1.6599
2008-04-11,1.6716
2008-04-10,1.6744
2008-04-09,1.6677
2008-04-08,1.6736
2008-04-07,1.676
2008-04-03,1.6705
2008-04-02,1.669
2008-04-01,1.6634
2008-03-31,1.6554
2008-03-28,1.6557
2008-03-27,1.6542
2008-03-26,1.6505
2008-03-25,1.6487
2008-03-20,1.6223
2008-03-19,1.6294
2008-03-18,1.6274
2008-03-17,1.6203
2008-03-14,1.636
2008-03-13,1.6435
2008-03-12,1.652
2008-03-11,1.648
2008-03-10,1.6386
2008-03-07,1.648
2008-03-06,1.6586
2008-03-05,1.658
2008-03-04,1.6584
2008-03-03,1.6665
2008-02-29,1.6755
2008-02-28,1.6778
2008-02-27,1.6763
2008-02-26,1.6634
2008-02-25,1.6566
2008-02-22,1.6505
2008-02-21,1.6517
2008-02-20,1.6514
2008-02-19,1.6609
2008-02-18,1.6557
2008-02-15,1.6559
2008-02-14,1.6559
2008-02-13,1.6448
2008-02-12,1.6419
2008-02-11,1.6349
2008-02-06,1.644
2008-02-05,1.6641
2008-02-04,1.6748
2008-02-01,1.6673
2008-01-31,1.6543
2008-01-30,1.6433
2008-01-29,1.6485
2008-01-28,1.6411
2008-01-25,1.6536
2008-01-24,1.6363
2008-01-23,1.6293
2008-01-22,1.6021
2008-01-21,1.6324
2008-01-18,1.6586
2008-01-17,1.662
2008-01-16,1.6693
2008-01-15,1.6922
2008-01-14,1.7069
2008-01-11,1.7041
2008-01-10,1.7058
2008-01-09,1.715
2008-01-08,1.7099
2008-01-07,1.7107
2008-01-04,1.7213
2008-01-03,1.7235
2008-01-02,1.7249
2007-12-31,1.7295
2007-12-28,1.718
2007-12-27,1.7168
2007-12-24,1.713
2007-12-21,1.7065
2007-12-20,1.6915
2007-12-19,1.6876
2007-12-18,1.6808
2007-12-17,1.6807
2007-12-14,1.7088
2007-12-13,1.7201
2007-12-12,1.733
2007-12-11,1.7379
2007-12-10,1.7313
2007-12-07,1.7338
2007-12-06,1.7411
2007-12-05,1.7391
2007-12-04,1.7261
2007-12-03,1.7262
2007-11-30,1.7254
2007-11-29,1.7197
2007-11-28,1.7005
2007-11-27,1.6911
2007-11-26,1.6951
2007-11-23,1.6857
2007-11-22,1.6748
2007-11-21,1.6822
2007-11-20,1.6953
2007-11-19,1.6877
2007-11-16,1.6946
2007-11-15,1.7081
2007-11-14,1.7184
2007-11-13,1.7032
2007-11-12,1.7032
2007-11-09,1.7192
2007-11-08,1.7217
2007-11-07,1.7315
2007-11-06,1.7262
2007-11-05,1.7164
2007-11-02,1.7318
2007-11-01,1.7402
2007-10-31,1.7465
2007-10-30,1.7444
2007-10-29,1.7497
2007-10-26,1.7299
2007-10-25,1.711
2007-10-24,1.7031
2007-10-23,1.703
2007-10-22,1.6943
2007-10-18,1.711
2007-10-17,1.7081
2007-10-16,1.7036
2007-10-15,1.715
2007-10-12,1.7129
2007-10-11,1.7191
2007-10-10,1.7112
2007-10-09,1.7071
2007-10-08,1.6989
2007-10-05,1.6999
2007-10-04,1.6886
2007-10-03,1.6976
2007-10-02,1.706
2007-09-28,1.6884
2007-09-27,1.6818
2007-09-25,1.6671
2007-09-24,1.6715
2007-09-21,1.6657
2007-09-20,1.6642
2007-09-19,1.667
2007-09-18,1.6438
2007-09-17,1.636
2007-09-14,1.6435
2007-09-13,1.6396
2007-09-12,1.636
2007-09-11,1.629
2007-09-10,1.6225
2007-09-07,1.6226
2007-09-06,1.6248
2007-09-05,1.6205
2007-09-04,1.6218
2007-09-03,1.6197
2007-08-31,1.6195
2007-08-30,1.6051
2007-08-29,1.595
2007-08-28,1.598
2007-08-27,1.6083
2007-08-24,1.5969
2007-08-23,1.5954
2007-08-22,1.5837
2007-08-21,1.5706
2007-08-20,1.5651
2007-08-17,1.5432
2007-08-16,1.5432
2007-08-15,1.568
2007-08-14,1.5848
2007-08-13,1.5911
2007-08-10,1.5871
2007-08-09,1.6075
2007-08-08,1.6123
2007-08-07,1.5989
2007-08-06,1.5986
2007-08-03,1.605
2007-08-02,1.6084
2007-08-01,1.6082
2007-07-31,1.626
2007-07-30,1.6177
2007-07-27,1.6131
2007-07-26,1.6313
2007-07-25,1.6431
2007-07-24,1.6479
2007-07-23,1.6471
2007-07-20,1.64
2007-07-19,1.6367
2007-07-18,1.6308
2007-07-17,1.634
2007-07-16,1.6327
2007-07-13,1.634
2007-07-12,1.6255
2007-07-11,1.6189
2007-07-10,1.6174
2007-07-09,1.6193
2007-07-06,1.6108
2007-07-05,1.6061
2007-07-04,1.6064
2007-07-03,1.605
2007-06-29,1.5871
2007-06-28,1.5848
2007-06-27,1.5796
2007-06-26,1.5828
2007-06-25,1.5871
2007-06-22,1.5879
2007-06-21,1.5932
2007-06-20,1.5918
2007-06-18,1.5919
2007-06-15,1.5798
2007-06-14,1.5718
2007-06-13,1.5611
2007-06-12,1.5612
2007-06-11,1.5656
2007-06-08,1.5622
2007-06-07,1.5694
2007-06-06,1.5786
2007-06-05,1.5819
2007-06-04,1.5809
2007-06-01,1.5793
2007-05-31,1.5732
2007-05-30,1.5616
2007-05-29,1.5676
2007-05-28,1.5672
2007-05-25,1.5666
2007-05-23,1.5759
2007-05-22,1.576
2007-05-21,1.5762
2007-05-18,1.5731
2007-05-17,1.5729
2007-05-16,1.5728
2007-05-15,1.5682
2007-05-14,1.5721
2007-05-11,1.5636
2007-05-10,1.5668
2007-05-09,1.569
2007-05-08,1.5658
2007-05-07,1.5682
2007-05-04,1.5645
2007-05-03,1.5597
2007-05-02,1.5523
2007-04-30,1.5474
2007-04-27,1.5493
2007-04-26,1.5548
2007-04-25,1.5529
2007-04-24,1.5487
2007-04-23,1.5497
2007-04-20,1.5477
2007-04-19,1.5411
2007-04-18,1.5502
2007-04-17,1.5467
2007-04-16,1.5447
2007-04-13,1.5361
2007-04-12,1.5363
2007-04-11,1.5347
2007-04-10,1.5334
2007-04-04,1.5266
2007-04-03,1.5178
2007-04-02,1.509
2007-03-30,1.506
2007-03-29,1.5052
2007-03-28,1.5013
2007-03-27,1.5066
2007-03-26,1.5069
2007-03-23,1.5069
2007-03-22,1.5061
2007-03-21,1.4966
2007-03-20,1.4891
2007-03-19,1.4842
2007-03-16,1.4759
2007-03-15,1.4742
2007-03-14,1.4695
2007-03-13,1.4813
2007-03-12,1.4837
2007-03-09,1.4811
2007-03-08,1.4791
2007-03-07,1.468
2007-03-06,1.464
2007-03-05,1.4554
2007-03-02,1.4753
2007-03-01,1.4788
2007-02-28,1.4845
2007-02-27,1.4967
2007-02-26,1.5134
2007-02-23,1.5111
2007-02-22,1.5101
2007-02-21,1.5118
2007-02-16,1.5116
2007-02-15,1.5106
2007-02-14,1.5021
2007-02-13,1.495
2007-02-12,1.4987
2007-02-09,1.5011
2007-02-08,1.5029
2007-02-07,1.5018
2007-02-06,1.499
2007-02-05,1.494
2007-02-02,1.4941
2007-02-01,1.4904
2007-01-31,1.4826
2007-01-30,1.4837
2007-01-29,1.4766
2007-01-26,1.4772
2007-01-25,1.4875
2007-01-24,1.4945
2007-01-23,1.4892
2007-01-22,1.4897
2007-01-19,1.4864
2007-01-18,1.4824
2007-01-17,1.4795
2007-01-16,1.4796
2007-01-15,1.478
2007-01-12,1.47
2007-01-11,1.4639
2007-01-10,1.4623
2007-01-09,1.4702
2007-01-08,1.4701
2007-01-05,1.4716
2007-01-04,1.4746
2007-01-03,1.4822
2007-01-02,1.4789
2006-12-29,1.4703
2006-12-28,1.4677
2006-12-27,1.4632
2006-12-22,1.46
2006-12-21,1.4591
2006-12-20,1.4602
2006-12-19,1.4539
2006-12-18,1.4589
2006-12-15,1.4605
2006-12-14,1.4593
2006-12-13,1.4542
2006-12-12,1.4542
2006-12-11,1.4537
2006-12-08,1.4535
2006-12-07,1.4581
2006-12-06,1.4602
2006-12-05,1.4591
2006-12-04,1.4513
2006-12-01,1.447
2006-11-30,1.4438
2006-11-29,1.439
2006-11-28,1.4299
2006-11-27,1.4376
2006-11-24,1.4381
2006-11-23,1.439
2006-11-22,1.4374
2006-11-21,1.4301
2006-11-20,1.4271
2006-11-17,1.4268
2006-11-16,1.4263
2006-11-15,1.4275
2006-11-14,1.4242
2006-11-13,1.4217
2006-11-10,1.4215
2006-11-09,1.418
2006-11-08,1.4144
2006-11-07,1.4156
2006-11-06,1.4087
2006-11-03,1.4072
2006-11-02,1.407
2006-11-01,1.406
2006-10-31,1.3993
2006-10-27,1.3984
2006-10-26,1.3986
2006-10-25,1.3931
2006-10-24,1.3894
2006-10-23,1.3906
2006-10-20,1.3909
2006-10-19,1.3878
2006-10-18,1.3862
2006-10-17,1.3842
2006-10-16,1.3871
2006-10-13,1.3867
2006-10-12,1.3845
2006-10-11,1.3821
2006-10-10,1.3844
2006-10-09,1.3811
2006-10-06,1.3869
2006-10-05,1.389
2006-10-04,1.3837
2006-10-03,1.3836
2006-09-29,1.3813
2006-09-28,1.3826
2006-09-27,1.3826
2006-09-26,1.38
2006-09-25,1.3796
2006-09-22,1.378
2006-09-21,1.3768
2006-09-20,1.3734
2006-09-19,1.3711
2006-09-18,1.3713
2006-09-15,1.3684
2006-09-14,1.3655
2006-09-13,1.3653
2006-09-12,1.3615
2006-09-11,1.3587
2006-09-08,1.3655
2006-09-07,1.3655
2006-09-06,1.3711
2006-09-05,1.3773
2006-09-04,1.3787
2006-09-01,1.3719
2006-08-31,1.3697
2006-08-30,1.3658
2006-08-29,1.3618
2006-08-28,1.3567
2006-08-25,1.3569
2006-08-24,1.3559
2006-08-23,1.3594
2006-08-22,1.3633
2006-08-21,1.3608
2006-08-18,1.3628
2006-08-17,1.3637
2006-08-16,1.3601
2006-08-15,1.3515
2006-08-14,1.3465
2006-08-11,1.346
2006-08-10,1.3494
2006-08-09,1.3496
2006-08-08,1.3453
2006-08-07,1.345
2006-08-04,1.3446
2006-08-03,1.3448
2006-08-02,1.3464
2006-08-01,1.3411
2006-07-31,1.3439
2006-07-28,1.3408
2006-07-27,1.338
2006-07-26,1.3306
2006-07-25,1.3302
2006-07-24,1.3247
2006-07-21,1.3213
2006-07-20,1.3216
2006-07-19,1.3111
2006-07-18,1.3056
2006-07-17,1.3094
2006-07-14,1.3169
2006-07-13,1.3254
2006-07-12,1.3336
2006-07-11,1.3341
2006-07-10,1.3361
2006-07-07,1.3313
2006-07-06,1.329
2006-07-05,1.3285
2006-07-04,1.3368
2006-07-03,1.3338
2006-06-30,1.3274
2006-06-29,1.3104
2006-06-28,1.2993
2006-06-27,1.3016
2006-06-26,1.3015
2006-06-23,1.3011
2006-06-22,1.3047
2006-06-21,1.3004
2006-06-20,1.2994
2006-06-19,1.3033
2006-06-16,1.3098
2006-06-15,1.3002
2006-06-14,1.2901
2006-06-13,1.292
2006-06-12,1.3066
2006-06-09,1.3112
2006-06-08,1.3081
2006-06-07,1.3245
2006-06-06,1.3342
2006-06-05,1.3423
2006-06-02,1.3415
2006-06-01,1.3347
2006-05-30,1.3387
2006-05-29,1.3418
2006-05-26,1.3417
2006-05-25,1.3318
2006-05-24,1.336
2006-05-23,1.3376
2006-05-22,1.3329
2006-05-19,1.349
2006-05-18,1.3482
2006-05-17,1.3641
2006-05-16,1.3616
2006-05-15,1.3658
2006-05-12,1.3777
2006-05-11,1.3807
2006-05-10,1.3866
2006-05-09,1.3857
2006-05-08,1.39
2006-05-04,1.3762
2006-05-03,1.3748
2006-05-02,1.3723
2006-04-28,1.3627
2006-04-27,1.3597
2006-04-26,1.3596
2006-04-25,1.3584
2006-04-24,1.364
2006-04-21,1.3643
2006-04-20,1.3631
2006-04-19,1.3615
2006-04-18,1.3534
2006-04-13,1.3449
2006-04-12,1.3442
2006-04-11,1.3483
2006-04-10,1.3521
2006-04-07,1.355
2006-04-06,1.3604
2006-04-04,1.3498
2006-04-03,1.3441
2006-03-31,1.3429
2006-03-30,1.3417
2006-03-29,1.3364
2006-03-28,1.3379
2006-03-27,1.3404
2006-03-24,1.3347
2006-03-23,1.3358
2006-03-22,1.3366
2006-03-21,1.34
2006-03-20,1.3445
2006-03-17,1.3415
2006-03-16,1.3372
2006-03-15,1.3346
2006-03-14,1.3285
2006-03-13,1.3261
2006-03-10,1.3217
2006-03-09,1.3203
2006-03-08,1.3197
2006-03-07,1.3243
2006-03-06,1.3363
2006-03-03,1.3377
2006-03-02,1.3397
2006-03-01,1.3404
2006-02-28,1.3367
2006-02-27,1.3401
2006-02-24,1.338
2006-02-23,1.335
2006-02-22,1.3344
2006-02-21,1.3346
2006-02-20,1.3362
2006-02-17,1.3327
2006-02-16,1.3313
2006-02-15,1.3272
2006-02-14,1.3295
2006-02-13,1.3248
2006-02-10,1.331
2006-02-09,1.3308
2006-02-08,1.3289
2006-02-07,1.3326
2006-02-06,1.3385
2006-02-03,1.3375
2006-02-02,1.3394
2006-02-01,1.3474
2006-01-27,1.3477
2006-01-26,1.3436
2006-01-25,1.3422
2006-01-24,1.3414
2006-01-23,1.3345
2006-01-20,1.3319
2006-01-19,1.3371
2006-01-18,1.3322
2006-01-17,1.3418
2006-01-16,1.3484
2006-01-13,1.3442
2006-01-12,1.3464
2006-01-11,1.3416
2006-01-10,1.3411
2006-01-09,1.346
2006-01-06,1.3401
2006-01-05,1.3355
2006-01-04,1.3329
2006-01-03,1.3171
2005-12-30,1.3083
2005-12-29,1.3101
2005-12-28,1.3115
2005-12-23,1.3099
2005-12-22,1.3055
2005-12-21,1.3065
2005-12-20,1.3066
2005-12-19,1.3058
2005-12-16,1.3046
2005-12-15,1.3056
2005-12-14,1.3045
2005-12-13,1.2999
2005-12-12,1.2928
2005-12-09,1.2897
2005-12-08,1.2876
2005-12-07,1.2873
2005-12-06,1.2871
2005-12-05,1.2806
2005-12-02,1.2815
2005-12-01,1.2804
2005-11-30,1.2725
2005-11-29,1.2762
2005-11-28,1.273
2005-11-25,1.2773
2005-11-24,1.2759
2005-11-23,1.2752
2005-11-22,1.2665
2005-11-21,1.2682
2005-11-18,1.2647
2005-11-17,1.26
2005-11-16,1.2576
2005-11-15,1.256
2005-11-14,1.2593
2005-11-11,1.2604
2005-11-10,1.2567
2005-11-09,1.2552
2005-11-08,1.2536
2005-11-07,1.2547
2005-11-04,1.2586
2005-11-03,1.263
2005-11-02,1.2593
2005-11-01,1.2516
2005-10-31,1.2505
2005-10-28,1.2451
2005-10-27,1.2424
2005-10-26,1.2465
2005-10-25,1.2452
2005-10-24,1.2449
2005-10-21,1.2441
2005-10-20,1.2376
2005-10-19,1.237
2005-10-18,1.2434
2005-10-17,1.2502
2005-10-14,1.2492
2005-10-13,1.2465
2005-10-12,1.2532
2005-10-10,1.2643
2005-10-07,1.2638
2005-10-06,1.2617
2005-10-05,1.2677
2005-10-04,1.2705
2005-10-03,1.2725
2005-09-30,1.2774
2005-09-29,1.2787
2005-09-28,1.2749
2005-09-27,1.2707
2005-09-26,1.2732
2005-09-23,1.2724
2005-09-22,1.2786
2005-09-21,1.2787
2005-09-20,1.2807
2005-09-16,1.2839
2005-09-15,1.2818
2005-09-14,1.2836
2005-09-13,1.2836
2005-09-12,1.2886
2005-09-09,1.2899
2005-09-08,1.2875
2005-09-07,1.2915
2005-09-06,1.2888
2005-09-05,1.2894
2005-09-02,1.2875
2005-09-01,1.2795
2005-08-31,1.2692
2005-08-30,1.2651
2005-08-29,1.2677
2005-08-26,1.2703
2005-08-25,1.2724
2005-08-24,1.2681
2005-08-23,1.2739
2005-08-22,1.2752
2005-08-19,1.2695
2005-08-18,1.2727
2005-08-17,1.2754
2005-08-16,1.279
2005-08-15,1.2834
2005-08-12,1.2861
2005-08-11,1.2832
2005-08-10,1.2779
2005-08-09,1.2722
2005-08-08,1.2692
2005-08-05,1.2714
2005-08-04,1.2748
2005-08-03,1.2747
2005-08-02,1.2743
2005-08-01,1.2679
2005-07-29,1.2665
2005-07-28,1.2649
2005-07-27,1.2593
2005-07-26,1.2601
2005-07-25,1.2598
2005-07-22,1.2637
2005-07-21,1.2579
2005-07-20,1.256
2005-07-19,1.2528
2005-07-18,1.2517
2005-07-15,1.2548
2005-07-14,1.2549
2005-07-13,1.2558
2005-07-12,1.2554
2005-07-11,1.2493
2005-07-08,1.2412
2005-07-07,1.2391
2005-07-06,1.2417
2005-07-05,1.2399
2005-07-04,1.2415
2005-06-30,1.2463
2005-06-29,1.2457
2005-06-28,1.2467
2005-06-27,1.2476
2005-06-24,1.2465
2005-06-23,1.2504
2005-06-22,1.2532
2005-06-21,1.244
2005-06-20,1.2476
2005-06-17,1.2476
2005-06-16,1.2434
2005-06-15,1.2411
2005-06-14,1.2411
2005-06-13,1.2415
2005-06-10,1.2452
2005-06-09,1.2463
2005-06-08,1.2488
2005-06-07,1.2479
2005-06-06,1.2427
2005-06-03,1.2409
2005-06-02,1.2397
2005-06-01,1.2394
2005-05-31,1.2361
2005-05-30,1.238
2005-05-27,1.2375
2005-05-26,1.2333
2005-05-25,1.2323
2005-05-24,1.2349
2005-05-23,1.2327
2005-05-20,1.2334
2005-05-19,1.2357
2005-05-18,1.2306
2005-05-17,1.2266
2005-05-13,1.2268
2005-05-12,1.2311
2005-05-11,1.2373
2005-05-10,1.2346
2005-05-09,1.2377
2005-05-06,1.2389
2005-05-05,1.2389
2005-05-04,1.2355
2005-05-03,1.23
2005-04-29,1.2292
2005-04-28,1.2262
2005-04-27,1.2274
2005-04-26,1.2331
2005-04-25,1.2375
2005-04-22,1.234
2005-04-21,1.2321
2005-04-20,1.2279
2005-04-19,1.2287
2005-04-18,1.2201
2005-04-15,1.2215
2005-04-14,1.2313
2005-04-13,1.2402
2005-04-12,1.2414
2005-04-11,1.2394
2005-04-08,1.236
2005-04-07,1.2422
2005-04-06,1.239
2005-04-04,1.235
2005-04-01,1.2385
2005-03-31,1.2351
2005-03-30,1.23
2005-03-29,1.2278
2005-03-24,1.2328
2005-03-23,1.2356
2005-03-22,1.2439
2005-03-21,1.2485
2005-03-18,1.2555
2005-03-17,1.2581
2005-03-16,1.2569
2005-03-15,1.2559
2005-03-14,1.2617
2005-03-11,1.264
2005-03-10,1.2637
2005-03-09,1.265
2005-03-08,1.2648
2005-03-07,1.2667
2005-03-04,1.2604
2005-03-03,1.2595
2005-03-02,1.2599
2005-03-01,1.2639
2005-02-28,1.266
2005-02-25,1.2644
2005-02-24,1.2608
2005-02-23,1.2541
2005-02-22,1.255
2005-02-21,1.2539
2005-02-18,1.2556
2005-02-17,1.2544
2005-02-16,1.2579
2005-02-15,1.2559
2005-02-14,1.2544
2005-02-08,1.2461
2005-02-07,1.249
2005-02-04,1.248
2005-02-03,1.244
2005-02-02,1.2452
2005-02-01,1.2423
2005-01-31,1.2409
2005-01-28,1.236
2005-01-27,1.2382
2005-01-26,1.2347
2005-01-25,1.2346
2005-01-24,1.2335
2005-01-21,1.2322
2005-01-20,1.235
2005-01-19,1.2413
2005-01-18,1.2401
2005-01-17,1.2416
2005-01-14,1.2366
2005-01-13,1.2384
2005-01-12,1.2321
2005-01-11,1.2307
2005-01-10,1.2274
2005-01-07,1.2291
2005-01-06,1.2279
2005-01-05,1.2279
2005-01-04,1.2399
2005-01-03,1.2437
2004-12-31,1.2478
2004-12-30,1.2442
2004-12-29,1.2447
2004-12-28,1.2431
2004-12-24,1.2419
2004-12-23,1.2398
2004-12-22,1.238
2004-12-21,1.2387
2004-12-20,1.2346
2004-12-17,1.2294
2004-12-16,1.2348
2004-12-15,1.2314
2004-12-14,1.2265
2004-12-13,1.221
2004-12-10,1.2171
2004-12-09,1.223
2004-12-08,1.222
2004-12-07,1.2273
2004-12-06,1.2319
2004-12-03,1.228
2004-12-02,1.2311
2004-12-01,1.2263
2004-11-30,1.2217
2004-11-29,1.223
2004-11-26,1.2259
2004-11-25,1.2244
2004-11-24,1.2205
2004-11-23,1.2156
2004-11-22,1.2132
2004-11-19,1.2114
2004-11-18,1.2176
2004-11-17,1.2134
2004-11-16,1.2063
2004-11-15,1.2095
2004-11-12,1.2056
2004-11-11,1.1963
2004-11-10,1.1963
2004-11-09,1.1948
2004-11-08,1.1951
2004-11-05,1.1941
2004-11-04,1.192
2004-11-03,1.186
2004-11-02,1.1802
2004-11-01,1.1772
2004-10-29,1.1768
2004-10-28,1.1737
2004-10-27,1.1707
2004-10-26,1.1698
2004-10-25,1.1685
2004-10-21,1.1672
2004-10-20,1.1634
2004-10-19,1.1612
2004-10-18,1.1598
2004-10-15,1.1565
2004-10-14,1.1555
2004-10-13,1.1587
2004-10-12,1.1602
2004-10-11,1.1665
2004-10-08,1.1645
2004-10-07,1.1636
2004-10-06,1.1666
2004-10-05,1.1667
2004-10-04,1.1686
2004-09-30,1.1553
2004-09-28,1.1514
2004-09-27,1.1506
2004-09-24,1.1534
2004-09-23,1.1563
2004-09-22,1.1592
2004-09-21,1.1613
2004-09-20,1.158
2004-09-17,1.1587
2004-09-16,1.1557
2004-09-15,1.1551
2004-09-14,1.1569
2004-09-13,1.1561
2004-09-10,1.1495
2004-09-09,1.1456
2004-09-08,1.1426
2004-09-07,1.142
2004-09-06,1.1401
2004-09-03,1.1406
2004-09-02,1.1453
2004-09-01,1.1426
2004-08-31,1.1362
2004-08-30,1.1324
2004-08-27,1.1363
2004-08-26,1.1319
2004-08-25,1.1296
2004-08-24,1.125
2004-08-23,1.1278
2004-08-20,1.1302
2004-08-19,1.1272
2004-08-18,1.1226
2004-08-17,1.1197
2004-08-16,1.1175
2004-08-13,1.1118
2004-08-12,1.1152
2004-08-11,1.1154
2004-08-10,1.1207
2004-08-09,1.1175
2004-08-06,1.1119
2004-08-05,1.1162
2004-08-04,1.1141
2004-08-03,1.117
2004-08-02,1.1183
2004-07-30,1.1178
2004-07-29,1.1147
2004-07-28,1.1154
2004-07-27,1.1181
2004-07-26,1.115
2004-07-23,1.1204
2004-07-22,1.1239
2004-07-21,1.1313
2004-07-20,1.1345
2004-07-19,1.1366
2004-07-16,1.1366
2004-07-15,1.1302
2004-07-14,1.1334
2004-07-13,1.1376
2004-07-12,1.1421
2004-07-09,1.1413
2004-07-08,1.1396
2004-07-07,1.1432
2004-07-06,1.1393
2004-07-05,1.1414
2004-07-02,1.1385
2004-06-30,1.1399
2004-06-29,1.1386
2004-06-28,1.1393
2004-06-25,1.1397
2004-06-24,1.1359
2004-06-23,1.1301
2004-06-21,1.129
2004-06-18,1.1251
2004-06-17,1.1282
2004-06-16,1.1297
2004-06-15,1.1253
2004-06-14,1.1185
2004-06-11,1.1287
2004-06-10,1.1328
2004-06-09,1.1375
2004-06-08,1.1434
2004-06-07,1.1403
2004-06-04,1.1266
2004-06-03,1.124
2004-06-02,1.1346
2004-06-01,1.137
2004-05-31,1.1369
2004-05-28,1.1398
2004-05-27,1.1336
2004-05-25,1.1206
2004-05-24,1.1186
2004-05-21,1.1174
2004-05-20,1.1076
2004-05-19,1.1122
2004-05-18,1.1003
2004-05-17,1.0985
2004-05-14,1.1017
2004-05-13,1.109
2004-05-12,1.118
2004-05-11,1.1144
2004-05-10,1.1104
2004-05-07,1.1369
2004-05-06,1.1497
2004-05-05,1.1545
2004-05-04,1.1515
2004-05-03,1.147
2004-04-30,1.1431
2004-04-29,1.1465
2004-04-28,1.1609
2004-04-27,1.1693
2004-04-26,1.1661
2004-04-23,1.1722
2004-04-22,1.1684
2004-04-21,1.1666
2004-04-20,1.1724
2004-04-19,1.1765
2004-04-16,1.1735
2004-04-15,1.1706
2004-04-14,1.1753
2004-04-13,1.1842
2004-04-08,1.192
2004-04-07,1.1902
2004-04-06,1.1856
2004-04-02,1.1897
2004-04-01,1.1864
2004-03-31,1.1843
2004-03-30,1.1773
2004-03-29,1.1714
2004-03-26,1.1677
2004-03-25,1.1671
2004-03-24,1.1679
2004-03-23,1.1691
2004-03-22,1.1649
2004-03-19,1.1752
2004-03-18,1.1733
2004-03-17,1.1686
2004-03-16,1.1613
2004-03-15,1.1585
2004-03-12,1.1617
2004-03-11,1.1624
2004-03-10,1.1694
2004-03-09,1.1802
2004-03-08,1.1795
2004-03-05,1.1747
2004-03-04,1.1754
2004-03-03,1.1701
2004-03-02,1.1801
2004-03-01,1.1833
2004-02-27,1.1756
2004-02-26,1.1707
2004-02-25,1.1754
2004-02-24,1.1723
2004-02-23,1.1721
2004-02-20,1.1772
2004-02-19,1.182
2004-02-18,1.19
2004-02-17,1.1887
2004-02-16,1.1812
2004-02-13,1.1822
2004-02-12,1.1804
2004-02-11,1.1761
2004-02-10,1.1754
2004-02-09,1.1763
2004-02-06,1.1645
2004-02-05,1.1584
2004-02-04,1.1586
2004-02-03,1.1604
2004-02-02,1.1574
2004-01-30,1.1562
2004-01-29,1.159
2004-01-28,1.1674
2004-01-27,1.1698
2004-01-26,1.1724
2004-01-21,1.1753
2004-01-20,1.1681
2004-01-19,1.1635
2004-01-16,1.165
2004-01-15,1.1653
2004-01-14,1.1713
2004-01-13,1.1695
2004-01-12,1.1744
2004-01-09,1.1679
2004-01-08,1.1595
2004-01-07,1.1602
2004-01-06,1.1613
2004-01-05,1.1599
2004-01-02,1.1505
2003-12-31,1.1491
2003-12-30,1.1447
2003-12-29,1.1408
2003-12-24,1.1339
2003-12-23,1.1329
2003-12-22,1.1317
2003-12-19,1.1312
2003-12-18,1.1293
2003-12-17,1.121
2003-12-16,1.1232
2003-12-15,1.1236
2003-12-12,1.1237
2003-12-11,1.1158
2003-12-10,1.1109
2003-12-09,1.1171
2003-12-08,1.1146
2003-12-05,1.1141
2003-12-04,1.114
2003-12-03,1.1127
2003-12-02,1.1089
2003-12-01,1.1107
2003-11-28,1.1026
2003-11-27,1.1025
2003-11-26,1.1003
2003-11-25,1.094
2003-11-24,1.0928
2003-11-21,1.0912
2003-11-20,1.09
2003-11-19,1.0951
2003-11-18,1.0962
2003-11-17,1.0964
2003-11-14,1.1047
2003-11-13,1.103
2003-11-12,1.0937
2003-11-11,1.0858
2003-11-10,1.0929
2003-11-07,1.0933
2003-11-06,1.092
2003-11-05,1.1002
2003-11-04,1.0983
2003-11-03,1.1
2003-10-31,1.0992
2003-10-30,1.1006
2003-10-29,1.1025
2003-10-28,1.0998
2003-10-27,1.0913
2003-10-24,1.0884
2003-10-23,1.0893
2003-10-22,1.0956
2003-10-21,1.0963
2003-10-20,1.0965
2003-10-17,1.0918
2003-10-16,1.093
2003-10-15,1.0936
2003-10-14,1.0921
2003-10-13,1.0987
2003-10-10,1.0946
2003-10-09,1.0934
2003-10-08,1.0879
2003-10-07,1.085
2003-10-06,1.0796
2003-10-03,1.0806
2003-10-02,1.0809
2003-09-30,1.0711
2003-09-29,1.0627
2003-09-26,1.0644
2003-09-25,1.0677
2003-09-24,1.0738
2003-09-23,1.0704
2003-09-22,1.0715
2003-09-19,1.0688
2003-09-18,1.0707
2003-09-17,1.0666
2003-09-16,1.0677
2003-09-15,1.0625
2003-09-11,1.063
2003-09-10,1.0615
2003-09-09,1.0616
2003-09-08,1.0636
2003-09-05,1.0579
2003-09-04,1.0535
2003-09-03,1.0505
2003-09-02,1.0484
2003-09-01,1.0525
2003-08-29,1.0478
2003-08-27,1.0401
2003-08-26,1.0381
2003-08-25,1.0412
2003-08-22,1.043
2003-08-21,1.0444
2003-08-20,1.0429
2003-08-19,1.0411
2003-08-18,1.043
2003-08-15,1.0421
2003-08-14,1.0428
2003-08-13,1.0372
2003-08-12,1.04
2003-08-11,1.037
2003-08-08,1.0357
2003-08-07,1.0318
2003-08-06,1.0284
2003-08-05,1.0299
2003-08-04,1.0343
2003-08-01,1.0295
2003-07-31,1.034
2003-07-30,1.0368
2003-07-29,1.041
2003-07-28,1.0427
2003-07-25,1.0402
2003-07-24,1.0377
2003-07-23,1.033
2003-07-22,1.0335
2003-07-21,1.0315
2003-07-18,1.0362
2003-07-17,1.037
2003-07-16,1.0391
2003-07-15,1.046
2003-07-14,1.0498
2003-07-11,1.0448
2003-07-10,1.041
2003-07-09,1.0426
2003-07-08,1.0432
2003-07-07,1.0449
2003-07-04,1.0403
2003-07-03,1.039
2003-07-02,1.0406
2003-06-30,1.0321
2003-06-27,1.033
2003-06-26,1.0384
2003-06-25,1.0415
2003-06-24,1.041
2003-06-23,1.0448
2003-06-20,1.0547
2003-06-19,1.0524
2003-06-18,1.0582
2003-06-17,1.0623
2003-06-16,1.0615
2003-06-13,1.054
2003-06-12,1.056
2003-06-11,1.0505
2003-06-10,1.0454
2003-06-09,1.0418
2003-06-06,1.0476
2003-06-05,1.0399
2003-06-03,1.0364
2003-06-02,1.033
2003-05-30,1.0351
2003-05-29,1.0277
2003-05-28,1.0301
2003-05-27,1.0288
2003-05-26,1.0269
2003-05-23,1.0215
2003-05-22,1.016
2003-05-21,1.0141
2003-05-20,1.0087
2003-05-19,1.0122
2003-05-16,1.0113
2003-05-15,1.0104
2003-05-14,1.007
2003-05-13,1.0067
2003-05-12,1.0089
2003-05-09,1.0033
2003-05-07,1.0006
2003-05-06,0.9999
2003-05-05,0.9906
2003-05-02,0.9889
2003-04-30,0.9819
2003-04-29,0.9766
2003-04-23,0.979
2003-04-22,0.9765
2003-04-17,0.9712
2003-04-16,0.9665
2003-04-15,0.9612
2003-04-14,0.9594
2003-04-11,0.9583
2003-04-10,0.9586
2003-04-09,0.9585
2003-04-08,0.9615
2003-04-07,0.9596
2003-04-04,0.9569
2003-04-03,0.954
2003-04-02,0.9563
2003-04-01,0.9537
2003-03-31,0.9486
2003-03-28,0.9527
2003-03-27,0.9526
2003-03-26,0.9528
2003-03-25,0.9543
2003-03-24,0.9489
2003-03-21,0.9568
2003-03-20,0.9521
2003-03-19,0.9471
2003-03-17,0.9489
2003-03-14,0.9459
2003-03-13,0.941
2003-03-12,0.9376
2003-03-11,0.9403
2003-03-10,0.9453
2003-03-07,0.9515
2003-03-06,0.9522
2003-03-05,0.9548
2003-03-04,0.9559
2003-03-03,0.9589
2003-02-28,0.9555
2003-02-27,0.9536
2003-02-26,0.953
2003-02-25,0.9572
2003-02-24,0.9612
2003-02-21,0.964
2003-02-20,0.9612
2003-02-19,0.9617
2003-02-18,0.9642
2003-02-17,0.9578
2003-02-14,0.9554
2003-02-13,0.9522
2003-02-12,0.9552
2003-02-11,0.9566
2003-02-10,0.9594
2003-02-07,0.9598
2003-02-06,0.9639
2003-02-05,0.9731
2003-02-04,0.9696
2003-01-30,0.9692
2003-01-29,0.9712
2003-01-28,0.9701
2003-01-27,0.9684
2003-01-24,0.9771
2003-01-23,0.9804
2003-01-22,0.9801
2003-01-21,0.9802
2003-01-20,0.985
2003-01-17,0.9856
2003-01-16,0.9888
2003-01-15,0.9894
2003-01-14,0.9905
2003-01-13,0.988
2003-01-10,0.9831
2003-01-09,0.9834
2003-01-08,0.9779
2003-01-07,0.9817
2003-01-06,0.9877
2003-01-03,0.9805
2003-01-02,0.9808
2002-12-31,0.9749
2002-12-30,0.9719
2002-12-27,0.9722
2002-12-24,0.9751
2002-12-23,0.9781
2002-12-20,0.9756
2002-12-19,0.9717
2002-12-18,0.9722
2002-12-17,0.9771
2002-12-16,0.9766
2002-12-13,0.9707
2002-12-12,0.9735
2002-12-11,0.9726
2002-12-10,0.9712
2002-12-09,0.9713
2002-12-06,0.9737
2002-12-05,0.9719
2002-12-04,0.9757
2002-12-03,0.9781
2002-12-02,0.9823
2002-11-29,0.9824
2002-11-28,0.9806
2002-11-27,0.9791
2002-11-26,0.9744
2002-11-25,0.9805
2002-11-22,0.9827
2002-11-21,0.9823
2002-11-20,0.9771
2002-11-19,0.9772
2002-11-18,0.9773
2002-11-15,0.9779
2002-11-14,0.9729
2002-11-13,0.9711
2002-11-12,0.9739
2002-11-11,0.9711
2002-11-08,0.9777
2002-11-07,0.9777
2002-11-06,0.978
2002-11-05,0.9765
2002-11-04,0.9754
2002-11-01,0.9634
2002-10-31,0.964
2002-10-30,0.9616
2002-10-29,0.9563
2002-10-28,0.9593
2002-10-25,0.9564
2002-10-24,0.9531
2002-10-23,0.9548
2002-10-22,0.951
2002-10-21,0.957
2002-10-18,0.9552
2002-10-17,0.9572
2002-10-16,0.948
2002-10-15,0.9516
2002-10-11,0.9332
2002-10-10,0.9253
2002-10-09,0.9212
2002-10-08,0.9277
2002-10-07,0.9252
2002-10-04,0.9339
2002-10-03,0.9391
2002-10-02,0.9416
2002-09-30,0.9365
2002-09-27,0.9427
2002-09-26,0.9456
2002-09-25,0.9394
2002-09-24,0.9353
2002-09-23,0.9418
2002-09-20,0.9493
2002-09-19,0.9526
2002-09-18,0.9564
2002-09-17,0.9612
2002-09-16,0.9636
2002-09-13,0.9718
2002-09-12,0.9751
2002-09-11,0.9809
2002-09-10,0.9793
2002-09-09,0.9726
2002-09-06,0.9778
2002-09-05,0.9761
2002-09-04,0.98
2002-09-03,0.9762
2002-09-02,0.9858
2002-08-30,0.9882
2002-08-29,0.9863
2002-08-28,0.9855
2002-08-27,0.9913
2002-08-26,0.9922
2002-08-23,0.9917
2002-08-22,0.9991
2002-08-21,0.9963
2002-08-20,0.9933
2002-08-19,0.994
2002-08-16,0.9883
2002-08-15,0.989
2002-08-14,0.9845
2002-08-13,0.9754
2002-08-12,0.9731
2002-08-09,0.9733
2002-08-08,0.968
2002-08-07,0.9594
2002-08-06,0.9535
2002-08-05,0.9544
2002-08-02,0.9666
2002-08-01,0.967
2002-07-31,0.9773
2002-07-30,0.9756
2002-07-29,0.9713
2002-07-26,0.965
2002-07-25,0.9698
2002-07-24,0.9631
2002-07-23,0.9615
2002-07-22,0.97
2002-07-19,0.9852
2002-07-18,0.9916
2002-07-17,0.9963
2002-07-16,0.9919
2002-07-15,0.9957
2002-07-12,0.9982
2002-07-11,0.9928
2002-07-10,1.0016
2002-07-09,1.0087
2002-07-08,1.0076
2002-07-05,1.0055
2002-07-04,0.9961
2002-07-03,0.9917
2002-07-02,0.9925
2002-06-28,1.0073
2002-06-27,0.9978
2002-06-26,0.9926
2002-06-25,0.9942
2002-06-24,1.0005
2002-06-21,0.9967
2002-06-20,0.9973
2002-06-19,1.0006
2002-06-18,1.004
2002-06-17,1.0031
2002-06-14,0.9986
2002-06-13,1.0013
2002-06-12,1.0064
2002-06-11,1.008
2002-06-10,1.0086
2002-06-07,1.0066
2002-06-06,1.0075
2002-06-05,1.0116
2002-06-04,1.0124
2002-06-03,1.0116
2002-05-31,1.0159
2002-05-30,1.0177
2002-05-29,1.0181
2002-05-28,1.019
2002-05-24,1.0183
2002-05-23,1.0236
2002-05-22,1.0232
2002-05-21,1.0158
2002-05-17,1.0205
2002-05-16,1.0163
2002-05-15,1.0113
2002-05-14,1.0069
2002-05-13,1.0065
2002-05-10,1.0029
2002-05-09,1.0042
2002-05-08,1.0096
2002-05-07,1.0029
2002-05-06,1.0044
2002-05-03,1.0094
2002-05-02,1.0092
2002-04-30,1.0038
2002-04-29,1.0012
2002-04-26,1.0058
2002-04-25,1.0086
2002-04-24,1.0097
2002-04-23,1.0105
2002-04-22,1.0096
2002-04-19,1.0106
2002-04-18,1.0096
2002-04-17,1.0072
2002-04-16,0.9974
2002-04-15,0.9932
2002-04-12,0.9886
2002-04-11,0.9849
2002-04-10,0.9892
2002-04-09,0.9879
2002-04-08,0.9912
2002-04-04,0.9941
2002-04-03,0.9945
2002-04-02,0.9934
2002-03-28,0.9946
2002-03-27,0.9936
2002-03-26,0.9866
2002-03-25,0.9851
2002-03-22,0.9923
2002-03-21,0.9931
2002-03-20,0.9925
2002-03-19,0.9987
2002-03-18,0.9947
2002-03-15,0.9948
2002-03-14,0.9917
2002-03-13,0.9891
2002-03-12,0.9934
2002-03-11,0.9912
2002-03-08,0.9916
2002-03-07,0.9902
2002-03-06,0.9864
2002-03-05,0.9835
2002-03-04,0.9803
2002-03-01,0.9682
2002-02-28,0.9646
2002-02-27,0.9629
2002-02-26,0.9594
2002-02-25,0.9583
2002-02-22,0.9537
2002-02-21,0.9557
2002-02-20,0.9579
2002-02-19,0.9575
2002-02-18,0.9665
2002-02-15,0.9646
2002-02-11,0.956
2002-02-08,0.9542
2002-02-07,0.9462
2002-02-06,0.9501
2002-02-05,0.9549
2002-02-04,0.9545
2002-02-01,0.9563
2002-01-31,0.9603
2002-01-30,0.9567
2002-01-28,0.9651
2002-01-25,0.9664
2002-01-24,0.9634
2002-01-23,0.9635
2002-01-22,0.9601
2002-01-21,0.9638
2002-01-18,0.9612
2002-01-17,0.9636
2002-01-16,0.9609
2002-01-15,0.9691
2002-01-14,0.9744
2002-01-11,0.9737
2002-01-10,0.9741
2002-01-09,0.9783
